start,end,dur_s,peak_dbfs,vs_speech_db,ncc,richard_words,liron_words_before,lexical_match,p_artifact,tier,evidence
6:00.03,6:01.24,1.21,-12.2,-0.1,0.09,hey all right,,0.0,0.0,keep,far from own speech; real speech: hey all right
6:09.54,6:10.00,0.46,-7.7,4.4,0.09,it's,i don't know,0.0,0.05,keep,far from own speech; words: it's
6:11.89,6:12.06,0.17,-81.6,-69.5,0.08,,like black yesterday,0.0,0.97,remove,too quiet to transcribe; -70 dB under speech; inaudible
6:12.44,6:14.34,1.90,-7.9,4.2,0.08,i i mean it's a little different it's better,yesterday,0.0,0.0,keep,far from own speech; real speech: i i mean it's a little different it's better
6:18.84,6:19.47,0.63,-9.8,2.4,0.11,no simmer,is it a different room,0.0,0.18,keep,ncc 0.11; far from own speech; words: no simmer
6:53.85,6:54.45,0.60,-9.9,2.2,0.10,max,or are you at mox,0.0,0.08,keep,ncc 0.10; words: max
6:55.04,6:57.19,2.15,-6.9,5.3,0.09,mox what's that uh they're pretty close i mean,and they're kinda close to each other,0.22,0.0,keep,far from own speech; real speech: mox what's that uh they're pretty close i mean
6:58.66,6:58.76,0.10,-75.9,-63.8,0.18,,had to y,0.0,1.0,remove,waveform=Liron ncc 0.18; too quiet to transcribe; -64 dB under speech; inaudible
7:00.77,7:01.15,0.38,-6.9,5.2,0.08,yeah,case to mox,0.0,0.03,keep,far from own speech; backchannel: yeah
7:04.04,7:04.36,0.32,-7.5,4.6,0.28,okay,cool,0.0,0.38,review,waveform=Liron ncc 0.28; far from own speech; backchannel: okay
7:09.81,7:10.31,0.50,-9.9,2.2,0.09,i can't,,0.0,0.02,keep,words: i can't
7:35.20,7:35.87,0.67,-37.7,-25.6,0.06,,,0.0,0.92,remove,too quiet to transcribe; -26 dB under speech
7:37.31,7:39.68,2.37,-6.7,5.5,0.06,nice to meet you as well oh my god oh,hey nice to meet you,0.4,0.03,keep,partly echoes Liron (40%); adjacent to own speech
7:39.90,7:42.55,2.65,-9.5,2.7,0.06,um and okay cool so,,0.0,0.0,keep,real speech: um and okay cool so; adjacent to own speech
10:11.75,10:13.19,1.44,-7.2,4.9,0.05,uh liran we can't hear you,oh yeah,0.0,0.0,keep,real speech: uh liran we can't hear you
10:13.30,10:13.50,0.20,-49.2,-37.1,0.12,,oh yeah this is,0.0,0.97,remove,ncc 0.12; too quiet to transcribe; -37 dB under speech; adjacent to own speech; inaudible
10:13.70,10:14.05,0.35,-8.4,3.8,0.12,oh,this is this is how you do,0.0,0.05,keep,ncc 0.12; backchannel: oh
10:14.38,10:15.32,0.94,-10.3,1.9,0.29,and now we can,how you do it,0.0,0.0,keep,waveform=Liron ncc 0.29; real speech: and now we can; adjacent to own speech
10:15.60,10:18.58,2.98,-7.9,4.2,0.05,and we were we didn't hear what you were saying maybe for the last like,oh really oh,0.0,0.0,keep,real speech: and we were we didn't hear what you were saying maybe for the last like; adjacent to own speech
10:22.77,10:23.38,0.61,-7.2,4.9,0.09,i don't know if,i wasn't talking much i was just,0.25,0.0,keep,far from own speech; real speech: i don't know if
10:29.14,10:29.39,0.25,-20.5,-8.4,0.06,,and yeah great talk,0.0,0.82,review,no words; -8 dB under speech
10:29.61,10:30.13,0.52,-13.1,-0.9,0.09,mmhmm,great talk with adam yesterday,0.0,0.0,keep,backchannel: mmhmm; adjacent to own speech
10:30.24,10:31.25,1.01,-7.2,4.9,0.06,,adam yesterday this is probably gonna be like a,0.0,0.08,keep,loud but no words (laugh / non-verbal?)
10:31.58,10:31.76,0.18,-11.3,0.8,0.09,yeah,be like a multipart episode,0.0,0.01,keep,backchannel: yeah
10:32.74,10:34.37,1.63,-8.2,3.9,0.08,yeah hell yeah okay perfect,lots of dense content,0.0,0.0,keep,real speech: yeah hell yeah okay perfect; adjacent to own speech
11:38.26,11:38.42,0.16,-44.4,-32.3,0.09,,that you have at mox,0.0,0.97,remove,too quiet to transcribe; -32 dB under speech; inaudible
11:39.34,11:40.94,1.60,-6.8,5.3,0.10,uh yeah they have it in the studio,ready to go the teleprompter,0.25,0.01,keep,ncc 0.10; real speech: uh yeah they have it in the studio
11:43.91,11:44.22,0.31,-37.5,-25.4,0.04,,yeah i'm using a teleprompter,0.0,0.97,remove,too quiet to transcribe; -25 dB under speech
11:44.49,11:45.01,0.52,-42.3,-30.2,0.09,,a teleprompter on my end too,0.0,0.97,remove,too quiet to transcribe; -30 dB under speech; far from own speech; inaudible
11:45.39,11:45.45,0.06,-72.9,-60.8,0.00,,end too that makes,0.0,0.99,remove,too quiet to transcribe; -61 dB under speech; far from own speech; inaudible
11:46.70,11:46.72,0.02,-64.7,-52.5,0.00,,duplex,0.0,0.99,remove,too quiet to transcribe; -53 dB under speech; far from own speech; inaudible
11:46.96,11:47.35,0.39,-10.7,1.4,0.11,right,duplex pro,0.0,0.05,keep,ncc 0.11; backchannel: right
11:57.89,11:58.96,1.07,-13.1,-1.0,0.02,we believe,yeah yeah,0.0,0.05,keep,far from own speech; words: we believe
11:59.43,12:00.08,0.65,-33.1,-21.0,0.11,,yeah your your coloring is,0.0,0.98,remove,ncc 0.11; too quiet to transcribe; -21 dB under speech
12:00.83,12:01.10,0.27,-9.6,2.5,0.13,okay,is fine,0.0,0.12,keep,ncc 0.13; far from own speech; backchannel: okay
12:18.49,12:19.99,1.50,-7.4,4.7,0.10,and it looks really good on camera,try to make a bigger view,0.0,0.0,keep,real speech: and it looks really good on camera
12:28.84,12:28.85,0.01,-81.8,-69.6,0.00,,,0.0,0.97,remove,too quiet to transcribe; -70 dB under speech; adjacent to own speech; inaudible
12:34.90,12:35.84,0.94,-47.9,-35.8,0.03,,oh yeah,0.0,0.97,remove,too quiet to transcribe; -36 dB under speech; inaudible
12:39.83,12:43.63,3.80,-6.4,5.8,0.03,mmhmm uh i didn't put the backup tripod quite yet but um,tripod going as well,0.08,0.0,keep,far from own speech; real speech: mmhmm uh i didn't put the backup tripod quite yet but um
12:49.79,12:50.08,0.29,-11.4,0.7,0.05,,i'll check the volume,0.0,0.38,review,loud but no words (laugh / non-verbal?); far from own speech
12:51.50,12:51.51,0.01,-82.6,-70.5,0.00,,yeah seems like,0.0,0.99,remove,too quiet to transcribe; -70 dB under speech; far from own speech; inaudible
12:53.97,12:54.29,0.32,-31.0,-18.8,0.12,sure,,0.0,0.73,review,ncc 0.12; -19 dB under speech; far from own speech; backchannel: sure
13:00.80,13:02.02,1.22,-9.6,2.5,0.05,okay cool yeah now,okay testing,0.25,0.0,keep,far from own speech; real speech: okay cool yeah now
13:02.32,13:03.07,0.75,-9.4,2.7,0.10,at recording,that should be good,0.0,0.01,keep,ncc 0.10; words: at recording; adjacent to own speech
13:16.09,13:17.70,1.61,-7.9,4.3,0.06,backup audio yes,got backup audio,0.67,0.82,review,echoes Liron: backup audio yes; far from own speech
13:21.78,13:22.28,0.50,-7.7,4.4,0.08,yes,have backup audio from yesterday right,0.0,0.01,keep,far from own speech; backchannel: yes
13:29.93,13:30.34,0.41,-10.2,1.9,0.06,all right,nice man all,0.5,0.38,review,partly echoes Liron (50%); far from own speech
13:32.51,13:32.52,0.01,-83.9,-71.8,0.00,,intro,0.0,0.97,remove,too quiet to transcribe; -72 dB under speech; inaudible
13:33.17,13:35.55,2.38,-7.8,4.3,0.11,how how's this volume can you make them a bit louder,let me go over my intro info for you one sec,0.09,0.02,keep,ncc 0.11; far from own speech; real speech: how how's this volume can you make them a bit louder
13:39.14,13:39.63,0.49,-10.4,1.7,0.11,awesome,okay,0.0,0.18,keep,ncc 0.11; far from own speech; words: awesome
14:06.36,14:06.56,0.20,-54.9,-42.7,0.04,,is like significantly,0.0,0.99,remove,too quiet to transcribe; -43 dB under speech; far from own speech; inaudible
14:06.81,14:08.10,1.29,-44.9,-32.8,0.02,,significantly ahead of you maybe move the microphone,0.0,1.0,remove,too quiet to transcribe; -33 dB under speech; far from own speech; gate stuck open 1s; inaudible
14:13.48,14:14.06,0.58,-8.9,3.2,0.11,how's this,face is a little blurred,0.0,0.18,keep,ncc 0.11; far from own speech; words: how's this
14:24.61,14:26.62,2.01,-8.8,3.4,0.03,i can scooch forward as well if that helps,but it's very minor,0.0,0.0,keep,far from own speech; real speech: i can scooch forward as well if that helps
14:38.71,14:38.84,0.13,-64.7,-52.6,0.04,,yeah i think,0.0,0.99,remove,too quiet to transcribe; -53 dB under speech; far from own speech; inaudible
14:39.15,14:39.24,0.09,-72.3,-60.2,0.00,,i think that's good enough,0.0,0.99,remove,too quiet to transcribe; -60 dB under speech; far from own speech; inaudible
14:39.57,14:39.75,0.18,-62.7,-50.6,0.07,,good enough i mean,0.0,0.99,remove,too quiet to transcribe; -51 dB under speech; far from own speech; inaudible
14:40.44,14:40.59,0.15,-70.2,-58.1,0.07,,or just to,0.0,0.99,remove,too quiet to transcribe; -58 dB under speech; far from own speech; inaudible
14:40.80,14:40.82,0.02,-72.9,-60.8,0.00,,just to you know,0.0,0.99,remove,too quiet to transcribe; -61 dB under speech; far from own speech; inaudible
14:40.99,14:41.10,0.11,-57.9,-45.8,0.03,,to you know for nitpicking,0.0,0.99,remove,too quiet to transcribe; -46 dB under speech; far from own speech; inaudible
14:41.24,14:41.29,0.05,-73.5,-61.3,0.00,,you know for nitpicking,0.0,0.99,remove,too quiet to transcribe; -61 dB under speech; far from own speech; inaudible
14:41.49,14:41.83,0.34,-71.6,-59.5,0.05,,for nitpicking the composition,0.0,0.99,remove,too quiet to transcribe; -59 dB under speech; far from own speech; inaudible
14:42.03,14:42.19,0.16,-78.1,-66.0,0.07,,the composition it,0.0,0.99,remove,too quiet to transcribe; -66 dB under speech; far from own speech; inaudible
14:42.47,14:42.48,0.01,-82.4,-70.2,0.00,,it just does,0.0,0.99,remove,too quiet to transcribe; -70 dB under speech; far from own speech; inaudible
14:42.61,14:43.27,0.66,-53.6,-41.5,0.06,,it just does seem like the microphone,0.0,0.97,remove,too quiet to transcribe; -41 dB under speech; far from own speech; inaudible
14:48.54,14:49.25,0.71,-8.5,3.7,0.08,should i do this,microphone is kinda like um,0.0,0.0,keep,real speech: should i do this
14:50.65,14:51.56,0.91,-10.3,1.9,0.04,,uh it's mogging you i would say,0.0,0.01,keep,loud but no words (laugh / non-verbal?); adjacent to own speech
15:04.46,15:07.25,2.79,-8.2,3.9,0.01,um i changed the focus a little bit so,i mean it's not too bad,0.11,0.0,keep,real speech: um i changed the focus a little bit so; adjacent to own speech
15:21.60,15:22.01,0.41,-10.3,1.9,0.08,uh,when i had one of those mics,0.0,0.01,keep,far from own speech; backchannel: uh
15:24.00,15:26.07,2.07,-6.6,5.5,0.04,do you wanna set it up or like um,you know like like the mic is more like right right here like hey guys,0.22,0.0,keep,real speech: do you wanna set it up or like um
15:34.27,15:35.01,0.74,-12.2,-0.1,0.07,let's see,yeah,0.0,0.02,keep,words: let's see
15:53.40,15:54.55,1.15,-18.1,-6.0,0.13,that's interesting,yeah all right so the key,0.0,0.18,keep,ncc 0.13; far from own speech; words: that's interesting
15:54.69,15:55.11,0.42,-34.2,-22.1,0.04,,right so the key is to just,0.0,0.97,remove,too quiet to transcribe; -22 dB under speech; far from own speech
15:55.26,15:55.90,0.64,-22.8,-10.7,0.06,,is to just have you know the direct,0.0,0.92,remove,no words; -11 dB under speech; far from own speech
15:56.50,15:56.91,0.41,-13.8,-1.7,0.16,so,line of sight from camera,0.0,0.5,review,waveform=Liron ncc 0.16; far from own speech; words: so
15:57.08,15:57.72,0.64,-34.7,-22.5,0.05,,sight from camera to his face and,0.0,0.97,remove,too quiet to transcribe; -23 dB under speech; far from own speech
15:57.92,15:58.00,0.08,-45.2,-33.0,0.00,,face and ideally,0.0,0.99,remove,too quiet to transcribe; -33 dB under speech; far from own speech; inaudible
15:58.45,15:58.60,0.15,-38.3,-26.1,0.10,,ideally get the ca,0.0,0.99,remove,too quiet to transcribe; -26 dB under speech; far from own speech
15:58.71,15:58.91,0.20,-58.4,-46.3,0.08,,get the ca the microphone,0.0,0.99,remove,too quiet to transcribe; -46 dB under speech; far from own speech; inaudible
16:00.28,16:00.59,0.31,-8.2,4.0,0.04,mmhmm,back away from the camera,0.0,0.03,keep,far from own speech; backchannel: mmhmm
18:10.36,18:10.91,0.55,-9.8,2.3,0.14,how's this,all right,0.0,0.18,keep,ncc 0.14; far from own speech; words: how's this
18:16.02,18:16.25,0.23,-30.4,-18.2,0.09,,bottle out of frame,0.0,0.97,remove,no words; -18 dB under speech
18:17.11,18:17.25,0.14,-26.4,-14.2,0.10,,get the keyboard,0.0,0.88,remove,ncc 0.10; too quiet to transcribe; -14 dB under speech; adjacent to own speech
18:17.36,18:19.26,1.90,-7.6,4.5,0.07,i i like the water bottle it says case on it,get the keyboard out of frame,0.09,0.0,keep,far from own speech; real speech: i i like the water bottle it says case on it
18:29.70,18:31.37,1.67,-7.3,4.8,0.06,i'll put it over here,bring it in the frame to drink yeah,0.2,0.0,keep,real speech: i'll put it over here; adjacent to own speech
18:43.64,18:43.82,0.18,-16.4,-4.3,0.06,but,,0.0,0.01,keep,words: but; adjacent to own speech
18:44.02,18:45.08,1.06,-7.0,5.2,0.10,what whatever it's uh,,0.0,0.0,keep,real speech: what whatever it's uh
18:56.96,18:57.24,0.28,-5.4,6.7,0.08,mmhmm,equally fine,0.0,0.0,keep,backchannel: mmhmm; adjacent to own speech
19:10.59,19:11.52,0.93,-7.8,4.4,0.05,may might as well,is more comfortable right,0.25,0.0,keep,real speech: may might as well
21:24.71,21:26.12,1.41,-5.7,6.4,0.10,i think we're i think we're ready right,yeah,0.0,0.02,keep,ncc 0.10; far from own speech; real speech: i think we're i think we're ready right
23:16.96,23:17.02,0.06,-61.2,-49.1,0.00,,mm all right,0.0,0.97,remove,too quiet to transcribe; -49 dB under speech; inaudible
23:20.89,23:20.96,0.07,-49.0,-36.9,0.00,,let let me know when you guys,0.0,0.97,remove,too quiet to transcribe; -37 dB under speech; inaudible
23:21.84,23:22.22,0.38,-9.1,3.0,0.07,,ready we can try a take of,0.0,0.03,keep,loud but no words (laugh / non-verbal?); adjacent to own speech
23:22.44,23:23.29,0.85,-9.1,3.1,0.06,okay sounds good,try a take of the intro,0.0,0.0,keep,far from own speech; real speech: okay sounds good
23:27.19,23:27.43,0.24,-8.4,3.7,0.14,yeah,ari are,0.0,0.12,keep,ncc 0.14; far from own speech; backchannel: yeah
23:40.73,23:40.80,0.07,-73.0,-60.9,0.00,,revising yourself,0.0,0.99,remove,too quiet to transcribe; -61 dB under speech; far from own speech; inaudible
23:41.06,23:41.25,0.19,-59.2,-47.1,0.10,,yourself,0.0,0.99,remove,too quiet to transcribe; -47 dB under speech; far from own speech; inaudible
23:41.38,23:41.41,0.03,-79.7,-67.6,0.00,,yourself on,0.0,0.99,remove,too quiet to transcribe; -68 dB under speech; far from own speech; inaudible
23:41.77,23:41.97,0.20,-60.6,-48.5,0.07,,on camera basically,0.0,0.99,remove,too quiet to transcribe; -48 dB under speech; far from own speech; inaudible
23:42.17,23:42.35,0.18,-45.1,-33.0,0.02,,camera basically,0.0,0.99,remove,too quiet to transcribe; -33 dB under speech; far from own speech; inaudible
23:42.56,23:42.72,0.16,-51.1,-39.0,0.04,,if you,0.0,0.99,remove,too quiet to transcribe; -39 dB under speech; far from own speech; inaudible
23:42.87,23:43.00,0.13,-62.8,-50.7,0.03,,if you,0.0,0.99,remove,too quiet to transcribe; -51 dB under speech; far from own speech; inaudible
23:43.14,23:43.70,0.56,-60.8,-48.7,0.04,,if you say the same,0.0,0.97,remove,too quiet to transcribe; -49 dB under speech; far from own speech; inaudible
23:43.93,23:44.14,0.21,-45.6,-33.5,0.05,,the same thing multiple,0.0,0.99,remove,too quiet to transcribe; -33 dB under speech; far from own speech; inaudible
23:44.25,23:44.42,0.17,-55.7,-43.6,0.02,,thing multiple times,0.0,0.99,remove,too quiet to transcribe; -44 dB under speech; far from own speech; inaudible
23:44.80,23:45.39,0.59,-47.6,-35.4,0.06,,times when we edit,0.0,0.97,remove,too quiet to transcribe; -35 dB under speech; far from own speech; inaudible
23:45.57,23:45.72,0.15,-76.0,-63.9,0.06,,we edit it we'll,0.0,0.99,remove,too quiet to transcribe; -64 dB under speech; far from own speech; inaudible
23:45.99,23:46.06,0.07,-50.4,-38.2,0.00,,it we'll just,0.0,0.99,remove,too quiet to transcribe; -38 dB under speech; far from own speech; inaudible
23:46.33,23:46.70,0.37,-56.3,-44.2,0.05,,we'll just take the take that,0.0,0.99,remove,too quiet to transcribe; -44 dB under speech; far from own speech; inaudible
23:46.83,23:46.92,0.09,-59.4,-47.3,0.00,,the take that sounds,0.0,0.99,remove,too quiet to transcribe; -47 dB under speech; far from own speech; inaudible
23:47.07,23:47.14,0.07,-75.5,-63.3,0.00,,take that sounds best,0.0,0.99,remove,too quiet to transcribe; -63 dB under speech; far from own speech; inaudible
23:47.37,23:47.90,0.53,-48.6,-36.4,0.03,,sounds best so feel free,0.0,0.97,remove,too quiet to transcribe; -36 dB under speech; far from own speech; inaudible
23:48.15,23:48.17,0.02,-82.3,-70.2,0.00,,feel free,0.0,0.99,remove,too quiet to transcribe; -70 dB under speech; far from own speech; inaudible
23:48.44,23:48.91,0.47,-57.3,-45.1,0.04,,free to,0.0,0.97,remove,too quiet to transcribe; -45 dB under speech; far from own speech; inaudible
23:49.07,23:49.33,0.26,-61.1,-49.0,0.02,,to like restate,0.0,0.99,remove,too quiet to transcribe; -49 dB under speech; far from own speech; inaudible
23:50.27,23:50.30,0.03,-76.0,-63.9,0.00,,stuff uh,0.0,0.99,remove,too quiet to transcribe; -64 dB under speech; far from own speech; inaudible
23:50.81,23:51.26,0.45,-11.5,0.6,0.05,mmhmm,uh in the middle of your answer,0.0,0.0,keep,backchannel: mmhmm
23:51.46,23:52.01,0.55,-8.9,3.2,0.11,that sounds good,your answer,0.0,0.0,keep,ncc 0.11; real speech: that sounds good; adjacent to own speech
24:10.61,24:11.77,1.16,-8.9,3.3,0.04,,the eye candy all right uh,0.0,0.18,keep,loud but no words (laugh / non-verbal?); far from own speech
24:12.19,24:12.28,0.09,-68.2,-56.0,0.00,,uh and,0.0,0.97,remove,too quiet to transcribe; -56 dB under speech; inaudible
24:16.42,24:16.45,0.03,-77.4,-65.3,0.00,,uh just look at the camera,0.0,0.99,remove,too quiet to transcribe; -65 dB under speech; far from own speech; inaudible
24:17.04,24:17.13,0.09,-76.8,-64.7,0.00,,camera and be like,0.0,0.99,remove,too quiet to transcribe; -65 dB under speech; far from own speech; inaudible
24:17.28,24:17.31,0.03,-76.7,-64.5,0.00,,be like i'm,0.0,0.99,remove,too quiet to transcribe; -65 dB under speech; far from own speech; inaudible
24:19.09,24:19.11,0.02,-79.6,-67.4,0.00,,you're watching doom,0.0,0.97,remove,too quiet to transcribe; -67 dB under speech; inaudible
24:19.22,24:19.23,0.01,-83.8,-71.6,0.00,,watching doom debates,0.0,0.97,remove,too quiet to transcribe; -72 dB under speech; adjacent to own speech; inaudible
24:37.12,24:37.14,0.02,-71.4,-59.3,0.00,,for ai safety,0.0,0.99,remove,too quiet to transcribe; -59 dB under speech; far from own speech; inaudible
24:37.33,24:37.51,0.18,-29.2,-17.0,0.04,,ai safety who,0.0,0.97,remove,no words; -17 dB under speech; far from own speech
24:37.71,24:37.79,0.08,-47.4,-35.3,0.00,,who has,0.0,0.99,remove,too quiet to transcribe; -35 dB under speech; far from own speech; inaudible
24:38.11,24:38.24,0.13,-33.8,-21.7,0.04,,who has led pioneering,0.0,0.99,remove,too quiet to transcribe; -22 dB under speech; far from own speech
24:38.60,24:38.92,0.32,-28.1,-16.0,0.06,,pioneering research,0.0,0.97,remove,no words; -16 dB under speech; far from own speech
24:39.03,24:39.17,0.14,-32.4,-20.3,0.03,,research,0.0,0.99,remove,too quiet to transcribe; -20 dB under speech; far from own speech
24:39.56,24:40.64,1.08,-23.9,-11.8,0.04,,into ai honesty,0.0,0.92,remove,no words; -12 dB under speech; far from own speech
24:40.84,24:41.59,0.75,-21.9,-9.8,0.07,soft,honesty ai,0.0,0.73,review,-10 dB under speech; far from own speech; words: soft; gate stuck open 1s
24:41.87,24:41.91,0.04,-61.6,-49.5,0.00,,ai safety,0.0,0.99,remove,too quiet to transcribe; -49 dB under speech; far from own speech; inaudible
24:42.09,24:43.26,1.17,-26.5,-14.4,0.04,,safety testing and most recently,0.0,0.92,remove,no words; -14 dB under speech; far from own speech
24:43.52,24:44.02,0.50,-31.4,-19.2,0.03,,most recently ai,0.0,0.97,remove,no words; -19 dB under speech; far from own speech
24:44.36,24:44.71,0.35,-21.4,-9.3,0.03,,ai wellbeing,0.0,0.92,remove,no words; -9 dB under speech; far from own speech
24:44.95,24:45.80,0.85,-16.6,-4.5,0.01,,wellbeing if,0.0,0.18,keep,loud but no words (laugh / non-verbal?); far from own speech
24:46.05,24:46.10,0.05,-53.3,-41.2,0.00,,if the words,0.0,0.99,remove,too quiet to transcribe; -41 dB under speech; far from own speech; inaudible
24:46.24,24:47.10,0.86,-24.3,-12.2,0.03,,if the words ai and wellbeing,0.0,0.92,remove,no words; -12 dB under speech; far from own speech
24:47.30,24:47.42,0.12,-37.6,-25.5,0.05,,and wellbeing,0.0,0.99,remove,too quiet to transcribe; -25 dB under speech; far from own speech
24:47.60,24:48.01,0.41,-33.8,-21.7,0.06,,wellbeing sound,0.0,0.97,remove,too quiet to transcribe; -22 dB under speech; far from own speech
24:48.35,24:48.54,0.19,-32.5,-20.4,0.04,,sound odd next,0.0,0.99,remove,too quiet to transcribe; -20 dB under speech; far from own speech
24:48.66,24:48.67,0.01,-71.4,-59.3,0.00,,odd next to each,0.0,0.99,remove,too quiet to transcribe; -59 dB under speech; far from own speech; inaudible
24:48.82,24:49.89,1.07,-21.2,-9.1,0.02,,odd next to each other you're gonna discover,0.0,0.99,remove,no words; -9 dB under speech; far from own speech; gate stuck open 1s
24:50.01,24:50.27,0.26,-20.7,-8.6,0.05,,gonna discover why,0.0,0.92,remove,no words; -9 dB under speech; far from own speech
24:50.72,24:51.06,0.34,-49.5,-37.4,0.04,,why it makes sense today,0.0,0.99,remove,too quiet to transcribe; -37 dB under speech; far from own speech; inaudible
24:51.21,24:51.87,0.66,-38.8,-26.7,0.03,,sense today,0.0,0.97,remove,too quiet to transcribe; -27 dB under speech; far from own speech
24:52.89,24:53.01,0.12,-34.5,-22.3,0.07,,richard doublemajored,0.0,0.99,remove,too quiet to transcribe; -22 dB under speech; far from own speech
24:53.12,24:53.29,0.17,-23.2,-11.0,0.08,,richard doublemajored,0.0,0.97,remove,no words; -11 dB under speech; far from own speech
24:53.43,24:53.75,0.32,-31.5,-19.4,0.05,,doublemajored in computer,0.0,0.99,remove,no words; -19 dB under speech; far from own speech
24:54.07,24:54.18,0.11,-25.7,-13.6,0.01,,in computer science,0.0,0.97,remove,too quiet to transcribe; -14 dB under speech; far from own speech
24:54.35,24:54.37,0.02,-70.4,-58.2,0.00,,science and,0.0,0.99,remove,too quiet to transcribe; -58 dB under speech; far from own speech; inaudible
24:54.61,24:54.83,0.22,-29.5,-17.3,0.17,stop,science and economics,0.0,0.95,remove,waveform=Liron ncc 0.17; -17 dB under speech; far from own speech; words: stop
24:54.98,24:55.52,0.54,-16.1,-4.0,0.05,,economics from the university,0.0,0.18,keep,loud but no words (laugh / non-verbal?); far from own speech
24:55.63,24:55.64,0.01,-71.4,-59.2,0.00,,from the university of,0.0,0.99,remove,too quiet to transcribe; -59 dB under speech; far from own speech; inaudible
24:55.81,24:55.94,0.13,-58.8,-46.7,0.10,,university of pennsylvania,0.0,0.99,remove,too quiet to transcribe; -47 dB under speech; far from own speech; inaudible
24:56.25,24:56.96,0.71,-16.3,-4.2,0.03,,of pennsylvania graduating,0.0,0.18,keep,loud but no words (laugh / non-verbal?); far from own speech
24:57.09,24:57.46,0.37,-38.8,-26.7,0.11,,graduating summa,0.0,1.0,remove,ncc 0.11; too quiet to transcribe; -27 dB under speech; far from own speech
24:57.60,24:57.69,0.09,-45.4,-33.2,0.00,,summa,0.0,0.99,remove,too quiet to transcribe; -33 dB under speech; far from own speech; inaudible
24:57.83,24:58.63,0.80,-27.8,-15.6,0.02,,summa cum laude,0.0,0.92,remove,no words; -16 dB under speech; far from own speech
24:58.86,24:59.01,0.15,-57.9,-45.8,0.06,,,0.0,0.99,remove,too quiet to transcribe; -46 dB under speech; far from own speech; inaudible
24:59.20,24:59.56,0.36,-35.3,-23.2,0.05,,his papers,0.0,0.99,remove,too quiet to transcribe; -23 dB under speech; far from own speech
24:59.69,25:00.20,0.51,-27.3,-15.1,0.05,,his papers have been presented,0.0,0.92,remove,no words; -15 dB under speech; far from own speech
25:00.47,25:00.51,0.04,-57.0,-44.9,0.00,,presented at,0.0,0.99,remove,too quiet to transcribe; -45 dB under speech; far from own speech; inaudible
25:00.75,25:01.18,0.43,-29.7,-17.6,0.03,,at top ai,0.0,0.92,remove,no words; -18 dB under speech; far from own speech
25:01.32,25:01.35,0.03,-53.4,-41.3,0.00,,ai conferences,0.0,0.99,remove,too quiet to transcribe; -41 dB under speech; far from own speech; inaudible
25:01.46,25:01.73,0.27,-40.2,-28.1,0.04,,ai conferences,0.0,0.99,remove,too quiet to transcribe; -28 dB under speech; far from own speech; inaudible
25:01.85,25:02.15,0.30,-23.5,-11.3,0.03,,conferences like neurips,0.0,0.97,remove,no words; -11 dB under speech; far from own speech
25:02.30,25:02.48,0.18,-29.9,-17.8,0.08,so,like neurips,0.0,0.5,review,-18 dB under speech; far from own speech; words: so
25:02.87,25:03.14,0.27,-35.7,-23.5,0.08,,and,0.0,0.99,remove,too quiet to transcribe; -24 dB under speech; far from own speech
25:03.45,25:03.46,0.01,-62.1,-50.0,0.00,,and featured in,0.0,0.99,remove,too quiet to transcribe; -50 dB under speech; far from own speech; inaudible
25:03.57,25:03.91,0.34,-25.4,-13.2,0.03,shut,and featured in bloomberg,0.0,0.5,review,-13 dB under speech; far from own speech; words: shut
25:04.17,25:04.64,0.47,-40.0,-27.9,0.03,,bloomberg and fortune,0.0,0.97,remove,too quiet to transcribe; -28 dB under speech; far from own speech
25:05.03,25:05.32,0.29,-38.9,-26.8,0.03,,fortune,0.0,0.99,remove,too quiet to transcribe; -27 dB under speech; far from own speech
25:13.40,25:13.64,0.24,-33.9,-21.8,0.13,,cited,0.0,1.0,remove,ncc 0.13; too quiet to transcribe; -22 dB under speech; far from own speech
25:13.80,25:14.93,1.13,-27.6,-15.4,0.05,,cited by the singapore consensus,0.0,0.92,remove,no words; -15 dB under speech; far from own speech
25:15.05,25:15.53,0.48,-31.8,-19.7,0.08,,consensus on,0.0,0.97,remove,no words; -20 dB under speech; far from own speech
25:15.84,25:16.91,1.07,-23.5,-11.3,0.02,,on ai safety priorities,0.0,0.92,remove,no words; -11 dB under speech; far from own speech
25:17.08,25:17.21,0.13,-44.3,-32.1,0.04,,and,0.0,0.99,remove,too quiet to transcribe; -32 dB under speech; far from own speech; inaudible
25:17.52,25:17.61,0.09,-47.0,-34.8,0.00,,and used by,0.0,0.99,remove,too quiet to transcribe; -35 dB under speech; far from own speech; inaudible
25:17.75,25:17.79,0.04,-62.4,-50.3,0.00,,and used by,0.0,0.99,remove,too quiet to transcribe; -50 dB under speech; far from own speech; inaudible
25:17.90,25:18.09,0.19,-35.5,-23.4,0.03,,used by researchers,0.0,0.99,remove,too quiet to transcribe; -23 dB under speech; far from own speech
25:18.45,25:18.73,0.28,-27.1,-14.9,0.06,,researchers at xai,0.0,0.97,remove,no words; -15 dB under speech; far from own speech
25:19.17,25:19.22,0.05,-57.6,-45.5,0.00,,xai,0.0,0.99,remove,too quiet to transcribe; -46 dB under speech; far from own speech; inaudible
25:29.31,25:30.10,0.79,-6.5,5.6,0.08,thanks for having me,ren welcome to doom debates,0.0,0.0,keep,far from own speech; real speech: thanks for having me
26:02.19,26:02.54,0.35,-50.7,-38.6,0.07,,what's your pdoom,0.0,0.99,remove,too quiet to transcribe; -39 dB under speech; far from own speech; inaudible
26:02.66,26:03.43,0.77,-12.9,-0.8,0.22,phew,your pdoom,0.0,0.27,review,waveform=Liron ncc 0.22; words: phew
26:08.97,26:08.99,0.02,-79.3,-67.2,0.00,,sure yeah,0.0,0.99,remove,too quiet to transcribe; -67 dB under speech; far from own speech; inaudible
26:09.18,26:09.45,0.27,-51.9,-39.8,0.13,,sure yeah so doom,0.0,1.0,remove,ncc 0.13; too quiet to transcribe; -40 dB under speech; far from own speech; inaudible
26:09.79,26:09.80,0.01,-79.3,-67.2,0.00,,doom is,0.0,0.99,remove,too quiet to transcribe; -67 dB under speech; far from own speech; inaudible
26:10.19,26:10.41,0.22,-61.8,-49.7,0.04,,is basically,0.0,0.99,remove,too quiet to transcribe; -50 dB under speech; far from own speech; inaudible
26:10.52,26:10.69,0.17,-70.9,-58.8,0.04,,basically,0.0,0.99,remove,too quiet to transcribe; -59 dB under speech; far from own speech; inaudible
26:10.98,26:11.38,0.40,-67.5,-55.3,0.04,,ninetynine,0.0,0.99,remove,too quiet to transcribe; -55 dB under speech; far from own speech; inaudible
26:11.56,26:11.73,0.17,-46.2,-34.1,0.06,,ninetynine,0.0,0.99,remove,too quiet to transcribe; -34 dB under speech; far from own speech; inaudible
26:11.97,26:11.99,0.02,-55.4,-43.3,0.00,,point,0.0,0.99,remove,too quiet to transcribe; -43 dB under speech; far from own speech; inaudible
26:12.25,26:12.33,0.08,-35.9,-23.8,0.00,,point nine percent,0.0,0.99,remove,too quiet to transcribe; -24 dB under speech; far from own speech
26:12.75,26:12.96,0.21,-41.3,-29.2,0.03,,nine percent of all the,0.0,0.99,remove,too quiet to transcribe; -29 dB under speech; far from own speech; inaudible
26:13.13,26:13.34,0.21,-52.3,-40.2,0.06,,of all the value,0.0,0.99,remove,too quiet to transcribe; -40 dB under speech; far from own speech; inaudible
26:13.60,26:13.77,0.17,-39.0,-26.9,0.03,,the value that we could,0.0,0.99,remove,too quiet to transcribe; -27 dB under speech; far from own speech
26:13.92,26:14.01,0.09,-27.5,-15.4,0.00,,that we could have had,0.0,0.97,remove,too quiet to transcribe; -15 dB under speech; far from own speech
26:14.13,26:14.24,0.11,-31.3,-19.2,0.02,,we could have had,0.0,0.99,remove,too quiet to transcribe; -19 dB under speech; far from own speech
26:14.77,26:15.82,1.05,-24.1,-12.0,0.04,,if we hadn't caused,0.0,0.92,remove,no words; -12 dB under speech; far from own speech
26:15.93,26:16.08,0.15,-43.3,-31.2,0.07,,caused a catastrophe,0.0,0.99,remove,too quiet to transcribe; -31 dB under speech; far from own speech; inaudible
26:16.49,26:17.56,1.07,-28.0,-15.8,0.02,,a catastrophe basically we,0.0,0.92,remove,no words; -16 dB under speech; far from own speech
26:22.76,26:23.33,0.57,-36.3,-24.1,0.04,,the galaxy but no,0.0,0.97,remove,too quiet to transcribe; -24 dB under speech; far from own speech
26:23.49,26:23.64,0.15,-30.3,-18.2,0.02,,but no,0.0,0.99,remove,no words; -18 dB under speech; far from own speech
26:24.14,26:24.51,0.37,-29.5,-17.4,0.04,that's it,we're trapped here,0.0,0.5,review,-17 dB under speech; far from own speech; words: that's it
26:24.67,26:25.00,0.33,-23.4,-11.3,0.06,it's like,trapped here on earth as,0.0,0.5,review,-11 dB under speech; far from own speech; words: it's like
26:25.15,26:25.35,0.20,-38.9,-26.7,0.04,,on earth as pets,0.0,0.99,remove,too quiet to transcribe; -27 dB under speech; far from own speech
26:25.75,26:25.80,0.05,-49.3,-37.1,0.00,,pets or,0.0,0.99,remove,too quiet to transcribe; -37 dB under speech; far from own speech; inaudible
26:26.26,26:26.67,0.41,-17.0,-4.9,0.02,,or we don't even have that,0.0,0.18,keep,loud but no words (laugh / non-verbal?); far from own speech
26:27.73,26:27.80,0.07,-37.0,-24.9,0.00,,so basically the probability,0.0,0.99,remove,too quiet to transcribe; -25 dB under speech; far from own speech
26:44.77,26:44.90,0.13,-28.2,-16.1,0.05,,any answer from,0.0,0.97,remove,too quiet to transcribe; -16 dB under speech; far from own speech
27:03.67,27:04.77,1.10,-6.6,5.5,0.10,yeah um,of your research,0.0,0.0,keep,backchannel: yeah um
28:32.10,28:32.16,0.06,-44.8,-32.6,0.00,,what,0.0,0.99,remove,too quiet to transcribe; -33 dB under speech; far from own speech; inaudible
28:32.30,28:32.37,0.07,-53.0,-40.9,0.00,,what was,0.0,0.99,remove,too quiet to transcribe; -41 dB under speech; far from own speech; inaudible
28:32.50,28:32.72,0.22,-54.6,-42.5,0.08,,what was your,0.0,0.99,remove,too quiet to transcribe; -43 dB under speech; far from own speech; inaudible
28:33.38,28:33.48,0.10,-37.3,-25.2,0.03,,first exposure,0.0,0.99,remove,too quiet to transcribe; -25 dB under speech; far from own speech
28:33.80,28:33.84,0.04,-61.8,-49.7,0.00,,exposure,0.0,0.99,remove,too quiet to transcribe; -50 dB under speech; far from own speech; inaudible
28:34.04,28:34.10,0.06,-54.4,-42.2,0.00,,,0.0,0.99,remove,too quiet to transcribe; -42 dB under speech; far from own speech; inaudible
28:34.41,28:34.63,0.22,-37.7,-25.6,0.04,,to the,0.0,0.99,remove,too quiet to transcribe; -26 dB under speech; far from own speech
28:35.22,28:35.32,0.10,-47.3,-35.2,0.08,,the idea of agi,0.0,0.99,remove,too quiet to transcribe; -35 dB under speech; far from own speech; inaudible
28:35.59,28:35.60,0.01,-68.3,-56.2,0.00,,of agi,0.0,0.99,remove,too quiet to transcribe; -56 dB under speech; far from own speech; inaudible
28:35.71,28:35.80,0.09,-50.5,-38.4,0.00,,agi,0.0,0.99,remove,too quiet to transcribe; -38 dB under speech; far from own speech; inaudible
28:39.86,28:41.26,1.40,-7.7,4.5,0.05,it was maybe,how long ago was that,0.33,0.18,keep,partly echoes Liron (33%)
29:18.62,29:18.86,0.24,-54.3,-42.1,0.08,,and how much of him,0.0,0.97,remove,too quiet to transcribe; -42 dB under speech; inaudible
29:18.97,29:19.58,0.61,-14.1,-2.0,0.08,um,and how much of him have you read,0.0,0.0,keep,backchannel: um; adjacent to own speech
29:56.03,29:56.19,0.16,-35.9,-23.7,0.02,,and already contributing,0.0,0.99,remove,too quiet to transcribe; -24 dB under speech; far from own speech
29:56.40,29:56.65,0.25,-42.7,-30.6,0.08,,already contributing to,0.0,0.99,remove,too quiet to transcribe; -31 dB under speech; far from own speech; inaudible
29:56.81,29:56.82,0.01,-77.2,-65.1,0.00,,contributing to research,0.0,0.99,remove,too quiet to transcribe; -65 dB under speech; far from own speech; inaudible
29:58.00,29:58.12,0.12,-37.3,-25.2,0.04,,in a quick,0.0,0.99,remove,too quiet to transcribe; -25 dB under speech; far from own speech
29:58.36,29:58.62,0.26,-37.5,-25.4,0.02,,a quick fouryear time,0.0,0.99,remove,too quiet to transcribe; -25 dB under speech; far from own speech
29:58.81,29:58.96,0.15,-49.4,-37.2,0.07,,fouryear time span,0.0,0.99,remove,too quiet to transcribe; -37 dB under speech; far from own speech; inaudible
29:59.57,29:59.72,0.15,-63.9,-51.8,0.07,,span that's pretty trippy,0.0,0.99,remove,too quiet to transcribe; -52 dB under speech; far from own speech; inaudible
30:00.00,30:00.05,0.05,-53.4,-41.3,0.00,,pretty trippy to me,0.0,0.99,remove,too quiet to transcribe; -41 dB under speech; far from own speech; inaudible
30:00.22,30:00.29,0.07,-42.9,-30.7,0.00,,trippy to me,0.0,0.99,remove,too quiet to transcribe; -31 dB under speech; far from own speech; inaudible
30:15.95,30:16.09,0.14,-42.7,-30.6,0.09,,focused your reading,0.0,0.99,remove,too quiet to transcribe; -31 dB under speech; far from own speech; inaudible
30:16.77,30:17.13,0.36,-34.3,-22.2,0.03,,reading on yudkowsky at all,0.0,0.99,remove,too quiet to transcribe; -22 dB under speech; far from own speech
30:17.37,30:17.51,0.14,-46.9,-34.8,0.03,,at all you you,0.0,0.99,remove,too quiet to transcribe; -35 dB under speech; far from own speech; inaudible
30:17.62,30:18.34,0.72,-39.2,-27.1,0.11,,at all you you just read the topics,0.0,0.99,remove,ncc 0.11; too quiet to transcribe; -27 dB under speech; far from own speech
30:18.57,30:18.77,0.20,-40.0,-27.9,0.07,,read the topics,0.0,0.99,remove,too quiet to transcribe; -28 dB under speech; far from own speech; inaudible
30:19.02,30:19.09,0.07,-55.7,-43.6,0.00,,it's,0.0,0.99,remove,too quiet to transcribe; -44 dB under speech; far from own speech; inaudible
30:20.03,30:20.14,0.11,-36.2,-24.1,0.06,,like saying oh yeah,0.0,0.99,remove,too quiet to transcribe; -24 dB under speech; far from own speech
30:20.26,30:20.54,0.28,-39.0,-26.8,0.07,,oh yeah i'm a christian,0.0,0.99,remove,too quiet to transcribe; -27 dB under speech; far from own speech
30:20.65,30:21.43,0.78,-34.6,-22.5,0.03,,yeah i'm a christian too oh who's,0.0,0.97,remove,too quiet to transcribe; -22 dB under speech; far from own speech
30:22.01,30:22.07,0.06,-62.0,-49.9,0.00,,who's jesus i,0.0,0.99,remove,too quiet to transcribe; -50 dB under speech; far from own speech; inaudible
30:22.24,30:22.27,0.03,-66.5,-54.4,0.00,,jesus i haven't,0.0,0.99,remove,too quiet to transcribe; -54 dB under speech; far from own speech; inaudible
30:22.41,30:22.51,0.10,-64.6,-52.5,0.11,,i haven't really,0.0,1.0,remove,ncc 0.11; too quiet to transcribe; -52 dB under speech; far from own speech; inaudible
30:22.62,30:22.72,0.10,-63.1,-51.0,0.10,,i haven't really looked,0.0,0.99,remove,too quiet to transcribe; -51 dB under speech; far from own speech; inaudible
30:22.83,30:22.86,0.03,-62.7,-50.6,0.00,,haven't really looked into,0.0,0.99,remove,too quiet to transcribe; -51 dB under speech; far from own speech; inaudible
30:23.05,30:23.06,0.01,-68.0,-55.9,0.00,,really looked into him,0.0,0.99,remove,too quiet to transcribe; -56 dB under speech; far from own speech; inaudible
30:23.23,30:23.35,0.12,-65.3,-53.2,0.10,,looked into him too much,0.0,0.99,remove,too quiet to transcribe; -53 dB under speech; far from own speech; inaudible
30:23.55,30:23.57,0.02,-64.4,-52.2,0.00,,him too much,0.0,0.99,remove,too quiet to transcribe; -52 dB under speech; far from own speech; inaudible
30:23.92,30:23.93,0.01,-62.3,-50.2,0.00,,much right it's,0.0,0.99,remove,too quiet to transcribe; -50 dB under speech; far from own speech; inaudible
30:24.06,30:24.09,0.03,-62.3,-50.2,0.00,,right it's like,0.0,0.99,remove,too quiet to transcribe; -50 dB under speech; far from own speech; inaudible
30:24.31,30:24.36,0.05,-67.7,-55.6,0.00,,right it's like the ideas,0.0,0.99,remove,too quiet to transcribe; -56 dB under speech; far from own speech; inaudible
30:24.50,30:24.53,0.03,-64.0,-51.9,0.00,,it's like the ideas,0.0,0.97,remove,too quiet to transcribe; -52 dB under speech; inaudible
30:24.71,30:24.73,0.02,-66.0,-53.8,0.00,,the ideas have,0.0,0.97,remove,too quiet to transcribe; -54 dB under speech; inaudible
30:24.91,30:24.96,0.05,-64.2,-52.1,0.00,,ideas have spread,0.0,0.97,remove,too quiet to transcribe; -52 dB under speech; inaudible
30:25.21,30:25.23,0.02,-69.4,-57.3,0.00,,have spread so,0.0,0.97,remove,too quiet to transcribe; -57 dB under speech; inaudible
30:25.43,30:25.76,0.33,-27.6,-15.5,0.05,,spread so far beyond the,0.0,0.62,review,no words; -15 dB under speech; adjacent to own speech
30:25.93,30:27.41,1.48,-8.3,3.9,0.06,yeah i would say that like,far beyond the cult,0.0,0.0,keep,real speech: yeah i would say that like; adjacent to own speech
31:05.75,31:06.70,0.95,-38.8,-26.7,0.05,,right so you're,0.0,0.97,remove,too quiet to transcribe; -27 dB under speech; far from own speech
31:08.14,31:08.28,0.14,-57.3,-45.2,0.04,,um,0.0,0.99,remove,too quiet to transcribe; -45 dB under speech; far from own speech; inaudible
31:47.20,31:47.26,0.06,-73.1,-61.0,0.00,,gonna go into ai safety,0.0,0.97,remove,too quiet to transcribe; -61 dB under speech; adjacent to own speech; inaudible
31:47.37,31:50.26,2.89,-8.9,3.2,0.01,i originally entered college uh,go into ai safety,0.0,0.0,keep,real speech: i originally entered college uh; adjacent to own speech
32:20.03,32:20.28,0.25,-14.1,-2.0,0.40,,have you been heavily,0.0,0.92,remove,waveform=Liron ncc 0.40; loud but no words (laugh / non-verbal?); far from own speech
32:21.67,32:21.80,0.13,-43.4,-31.3,0.05,,by effective altruism,0.0,0.99,remove,too quiet to transcribe; -31 dB under speech; far from own speech; inaudible
32:22.10,32:22.22,0.12,-42.8,-30.6,0.05,,altruism,0.0,0.99,remove,too quiet to transcribe; -31 dB under speech; far from own speech; inaudible
32:22.58,32:22.68,0.10,-46.3,-34.2,0.05,,because you,0.0,0.99,remove,too quiet to transcribe; -34 dB under speech; far from own speech; inaudible
32:56.22,32:56.25,0.03,-71.9,-59.7,0.00,,prolific per,0.0,0.99,remove,too quiet to transcribe; -60 dB under speech; far from own speech; inaudible
32:56.50,32:56.68,0.18,-61.7,-49.6,0.09,,per,0.0,0.99,remove,too quiet to transcribe; -50 dB under speech; far from own speech; inaudible
32:57.42,32:57.58,0.16,-74.5,-62.4,0.10,,he's one of the single,0.0,0.99,remove,too quiet to transcribe; -62 dB under speech; far from own speech; inaudible
32:57.97,32:58.14,0.17,-62.8,-50.7,0.05,,the single most prolific,0.0,0.99,remove,too quiet to transcribe; -51 dB under speech; far from own speech; inaudible
32:58.65,32:58.84,0.19,-55.3,-43.2,0.02,,people in ai,0.0,0.99,remove,too quiet to transcribe; -43 dB under speech; far from own speech; inaudible
32:59.24,32:59.31,0.07,-76.0,-63.9,0.00,,ai safety,0.0,0.99,remove,too quiet to transcribe; -64 dB under speech; far from own speech; inaudible
36:02.18,36:02.28,0.10,-66.1,-54.0,0.06,,uh research agendas,0.0,0.97,remove,too quiet to transcribe; -54 dB under speech; adjacent to own speech; inaudible
36:02.47,36:04.65,2.18,-9.4,2.7,0.04,yeah i would probably say that he's really good at,research agendas,0.0,0.0,keep,real speech: yeah i would probably say that he's really good at; adjacent to own speech
36:16.91,36:17.60,0.69,-42.3,-30.1,0.05,,yeah and he,0.0,0.97,remove,too quiet to transcribe; -30 dB under speech; far from own speech; inaudible
36:18.34,36:18.67,0.33,-44.4,-32.2,0.04,,also seems pretty good,0.0,0.99,remove,too quiet to transcribe; -32 dB under speech; far from own speech; inaudible
36:18.81,36:19.25,0.44,-53.8,-41.7,0.07,,pretty good at making,0.0,0.97,remove,too quiet to transcribe; -42 dB under speech; far from own speech; inaudible
36:19.41,36:19.42,0.01,-69.0,-56.9,0.00,,at making,0.0,0.99,remove,too quiet to transcribe; -57 dB under speech; far from own speech; inaudible
36:19.58,36:19.64,0.06,-66.9,-54.8,0.00,,making,0.0,0.99,remove,too quiet to transcribe; -55 dB under speech; far from own speech; inaudible
36:19.84,36:20.03,0.19,-43.7,-31.6,0.03,,making multiple,0.0,0.99,remove,too quiet to transcribe; -32 dB under speech; far from own speech; inaudible
36:20.82,36:21.02,0.20,-40.3,-28.2,0.04,,bets i mean he can't make,0.0,0.99,remove,too quiet to transcribe; -28 dB under speech; far from own speech; inaudible
36:21.14,36:21.35,0.21,-49.5,-37.4,0.05,,i mean he can't make as many,0.0,0.99,remove,too quiet to transcribe; -37 dB under speech; far from own speech; inaudible
36:21.97,36:22.20,0.23,-44.3,-32.2,0.05,,many bets as he wants,0.0,0.99,remove,too quiet to transcribe; -32 dB under speech; far from own speech; inaudible
36:22.35,36:22.36,0.01,-69.9,-57.8,0.00,,as he wants i'm sure,0.0,0.99,remove,too quiet to transcribe; -58 dB under speech; far from own speech; inaudible
36:22.55,36:22.62,0.07,-43.5,-31.4,0.00,,wants i'm sure but,0.0,0.99,remove,too quiet to transcribe; -31 dB under speech; far from own speech; inaudible
36:23.05,36:23.16,0.11,-39.0,-26.9,0.03,,but he does a good,0.0,0.99,remove,too quiet to transcribe; -27 dB under speech; far from own speech
36:23.58,36:24.33,0.75,-32.4,-20.3,0.02,,a good example or,0.0,0.97,remove,too quiet to transcribe; -20 dB under speech; far from own speech
36:24.49,36:24.90,0.41,-38.2,-26.0,0.04,,or he seems,0.0,0.97,remove,too quiet to transcribe; -26 dB under speech; far from own speech
36:25.13,36:25.20,0.07,-53.7,-41.6,0.00,,he seems to,0.0,0.99,remove,too quiet to transcribe; -42 dB under speech; far from own speech; inaudible
36:25.37,36:25.47,0.10,-28.8,-16.6,0.02,,he seems to do,0.0,0.97,remove,too quiet to transcribe; -17 dB under speech; far from own speech
36:25.88,36:25.91,0.03,-57.8,-45.7,0.00,,do a good job of,0.0,0.99,remove,too quiet to transcribe; -46 dB under speech; far from own speech; inaudible
36:26.28,36:26.29,0.01,-64.4,-52.3,0.00,,job of balancing,0.0,0.99,remove,too quiet to transcribe; -52 dB under speech; far from own speech; inaudible
36:26.77,36:26.95,0.18,-31.0,-18.9,0.03,,like okay i'm gonna,0.0,0.99,remove,no words; -19 dB under speech; far from own speech
36:27.22,36:27.34,0.12,-60.6,-48.5,0.12,,okay i'm gonna focus on,0.0,0.99,remove,ncc 0.12; too quiet to transcribe; -48 dB under speech; inaudible
36:27.47,36:27.63,0.16,-60.0,-47.9,0.08,,i'm gonna focus on these,0.0,0.97,remove,too quiet to transcribe; -48 dB under speech; inaudible
36:27.89,36:28.39,0.50,-60.0,-47.8,0.07,,on these seven things within,0.0,0.97,remove,too quiet to transcribe; -48 dB under speech; inaudible
36:28.57,36:28.63,0.06,-64.7,-52.6,0.00,,things within my,0.0,0.97,remove,too quiet to transcribe; -53 dB under speech; adjacent to own speech; inaudible
36:28.80,36:31.14,2.34,-10.5,1.7,0.03,yeah i would say so i mean,within my organization right,0.0,0.0,keep,real speech: yeah i would say so i mean
37:36.55,37:36.69,0.14,-61.1,-49.0,0.04,,make sure i understood,0.0,0.99,remove,too quiet to transcribe; -49 dB under speech; far from own speech; inaudible
37:38.64,37:38.76,0.12,-49.9,-37.8,0.06,,bit earlier,0.0,0.99,remove,too quiet to transcribe; -38 dB under speech; far from own speech; inaudible
37:38.95,37:39.06,0.11,-48.5,-36.4,0.05,,where,0.0,0.99,remove,too quiet to transcribe; -36 dB under speech; far from own speech; inaudible
37:39.36,37:39.71,0.35,-31.3,-19.2,0.03,,where you were like,0.0,0.99,remove,no words; -19 dB under speech; far from own speech
37:40.06,37:40.46,0.40,-44.7,-32.5,0.05,,were like um,0.0,0.99,remove,too quiet to transcribe; -33 dB under speech; far from own speech; inaudible
37:40.61,37:40.68,0.07,-53.1,-40.9,0.00,,um,0.0,0.99,remove,too quiet to transcribe; -41 dB under speech; far from own speech; inaudible
37:40.92,37:41.01,0.09,-51.1,-38.9,0.00,,,0.0,0.99,remove,too quiet to transcribe; -39 dB under speech; far from own speech; inaudible
37:41.15,37:41.18,0.03,-65.7,-53.6,0.00,,when,0.0,0.99,remove,too quiet to transcribe; -54 dB under speech; far from own speech; inaudible
37:41.29,37:41.75,0.46,-41.3,-29.2,0.01,,when or like,0.0,0.97,remove,too quiet to transcribe; -29 dB under speech; far from own speech; inaudible
37:42.54,37:43.09,0.55,-38.4,-26.3,0.04,,a couple years ago we were,0.0,0.97,remove,too quiet to transcribe; -26 dB under speech; far from own speech
37:43.74,37:43.87,0.13,-45.6,-33.5,0.06,,diving into this,0.0,0.99,remove,too quiet to transcribe; -34 dB under speech; far from own speech; inaudible
37:44.05,37:44.79,0.74,-32.0,-19.9,0.03,six months,into this area but you don't hear,0.0,0.5,review,-20 dB under speech; far from own speech; words: six months
37:44.97,37:45.24,0.27,-45.0,-32.9,0.06,,you don't hear us doing,0.0,0.99,remove,too quiet to transcribe; -33 dB under speech; far from own speech; inaudible
37:46.04,37:46.67,0.63,-42.4,-30.3,0.02,,research in this anymore,0.0,0.97,remove,too quiet to transcribe; -30 dB under speech; far from own speech; inaudible
37:46.78,37:47.24,0.46,-40.8,-28.7,0.02,,this anymore,0.0,0.97,remove,too quiet to transcribe; -29 dB under speech; far from own speech; inaudible
37:47.93,37:47.94,0.01,-59.8,-47.7,0.00,,what were you getting,0.0,0.99,remove,too quiet to transcribe; -48 dB under speech; far from own speech; inaudible
37:48.06,37:48.20,0.14,-53.2,-41.1,0.05,,what were you getting at,0.0,0.99,remove,too quiet to transcribe; -41 dB under speech; far from own speech; inaudible
37:48.42,37:48.60,0.18,-35.3,-23.2,0.02,,getting at there like,0.0,0.99,remove,too quiet to transcribe; -23 dB under speech; far from own speech
37:48.78,37:48.87,0.09,-50.6,-38.5,0.00,,there like the,0.0,0.99,remove,too quiet to transcribe; -38 dB under speech; far from own speech; inaudible
37:49.12,37:49.15,0.03,-60.1,-48.0,0.00,,like the field,0.0,0.97,remove,too quiet to transcribe; -48 dB under speech; inaudible
37:49.30,37:49.70,0.40,-32.6,-20.5,0.05,,the field has moved,0.0,0.97,remove,too quiet to transcribe; -21 dB under speech
37:50.14,37:50.41,0.27,-36.2,-24.1,0.02,,on or like that's,0.0,0.82,review,too quiet to transcribe; -24 dB under speech; adjacent to own speech
37:50.58,37:54.45,3.87,-9.4,2.7,0.05,oh it's probably closer to like many academic labs,like that's no longer upstream,0.11,0.0,keep,real speech: oh it's probably closer to like many academic labs
38:37.14,38:39.32,2.18,-9.4,2.7,0.08,yeah as long as you can,are running with it so it's cool,0.0,0.0,keep,real speech: yeah as long as you can; adjacent to own speech
38:59.63,38:59.70,0.07,-77.4,-65.2,0.00,,so,0.0,0.99,remove,too quiet to transcribe; -65 dB under speech; far from own speech; inaudible
38:59.94,39:00.09,0.15,-69.8,-57.7,0.05,,it seems,0.0,0.99,remove,too quiet to transcribe; -58 dB under speech; far from own speech; inaudible
39:01.36,39:01.45,0.09,-62.2,-50.0,0.00,,of your biggest,0.0,0.99,remove,too quiet to transcribe; -50 dB under speech; far from own speech; inaudible
39:01.72,39:01.76,0.04,-74.0,-61.9,0.00,,biggest contributions,0.0,0.99,remove,too quiet to transcribe; -62 dB under speech; far from own speech; inaudible
39:02.07,39:02.14,0.07,-70.8,-58.7,0.00,,contributions,0.0,0.99,remove,too quiet to transcribe; -59 dB under speech; far from own speech; inaudible
39:02.30,39:02.43,0.13,-72.8,-60.7,0.05,,contributions to the,0.0,0.99,remove,too quiet to transcribe; -61 dB under speech; far from own speech; inaudible
39:02.57,39:02.90,0.33,-65.0,-52.9,0.02,,to the field,0.0,0.99,remove,too quiet to transcribe; -53 dB under speech; far from own speech; inaudible
39:04.01,39:04.02,0.01,-83.8,-71.7,0.00,,recently,0.0,0.99,remove,too quiet to transcribe; -72 dB under speech; far from own speech; inaudible
39:04.22,39:05.14,0.92,-63.3,-51.2,0.02,,recently maybe even your core focus,0.0,0.97,remove,too quiet to transcribe; -51 dB under speech; far from own speech; inaudible
39:34.99,39:36.02,1.03,-10.0,2.1,0.06,i'd probably say,wellbeing,0.0,0.0,keep,real speech: i'd probably say
40:05.77,40:06.19,0.42,-9.6,2.6,0.10,yeah,uh open source ai,0.0,0.0,keep,backchannel: yeah; adjacent to own speech
40:06.32,40:09.51,3.19,-10.2,1.9,0.07,um ai systems also seem to you know,source ai model okay cool,0.12,0.0,keep,real speech: um ai systems also seem to you know
40:59.00,40:59.22,0.22,-37.3,-25.2,0.14,,right okay,0.0,1.0,remove,ncc 0.14; too quiet to transcribe; -25 dB under speech; far from own speech
40:59.35,40:59.59,0.24,-50.8,-38.7,0.03,,right okay so it,0.0,0.99,remove,too quiet to transcribe; -39 dB under speech; far from own speech; inaudible
41:01.08,41:01.09,0.01,-64.5,-52.4,0.00,,research agenda,0.0,0.99,remove,too quiet to transcribe; -52 dB under speech; far from own speech; inaudible
41:01.21,41:01.42,0.21,-48.2,-36.0,0.04,,research agenda,0.0,0.99,remove,too quiet to transcribe; -36 dB under speech; far from own speech; inaudible
41:01.53,41:02.04,0.51,-41.6,-29.5,0.03,,agenda is,0.0,0.97,remove,too quiet to transcribe; -30 dB under speech; far from own speech; inaudible
41:02.24,41:02.27,0.03,-63.8,-51.7,0.00,,is,0.0,0.99,remove,too quiet to transcribe; -52 dB under speech; far from own speech; inaudible
41:02.64,41:03.27,0.63,-44.5,-32.4,0.04,,is assuming,0.0,0.97,remove,too quiet to transcribe; -32 dB under speech; far from own speech; inaudible
41:03.42,41:03.43,0.01,-57.4,-45.3,0.00,,,0.0,0.99,remove,too quiet to transcribe; -45 dB under speech; far from own speech; inaudible
41:03.60,41:04.40,0.80,-49.4,-37.3,0.03,,at least,0.0,0.97,remove,too quiet to transcribe; -37 dB under speech; far from own speech; inaudible
41:04.52,41:04.72,0.20,-46.0,-33.9,0.05,,least the possibility,0.0,0.99,remove,too quiet to transcribe; -34 dB under speech; far from own speech; inaudible
41:04.91,41:05.00,0.09,-51.8,-39.6,0.00,,the possibility,0.0,0.99,remove,too quiet to transcribe; -40 dB under speech; far from own speech; inaudible
41:05.28,41:05.44,0.16,-41.1,-28.9,0.08,,possibility,0.0,0.99,remove,too quiet to transcribe; -29 dB under speech; far from own speech; inaudible
41:05.86,41:06.21,0.35,-43.7,-31.5,0.07,,that ais,0.0,0.99,remove,too quiet to transcribe; -32 dB under speech; far from own speech; inaudible
41:07.09,41:07.13,0.04,-56.2,-44.1,0.00,,truly,0.0,0.99,remove,too quiet to transcribe; -44 dB under speech; far from own speech; inaudible
41:09.69,41:11.20,1.51,-8.7,3.4,0.04,i think one of the,of being conscious right,0.2,0.0,keep,real speech: i think one of the
41:43.12,42:41.50,58.38,-42.2,-30.1,0.01,,trying to think this through right because we know that like oldfashioned computers if you take like a simple computer pro you know like the eliza chatbot from like the nineteen seventies or sosomething right and if it's printing out like oh you are sad why do you feel sad aand maybe somebody naive would be like oh my god it has empathy so it must be feeling sad but we're pretty sure that's wrong right like a simple computer program that's just like stringing a few words together using very simple logic probably doesn't have anything like real sadness right the inner structures they really just look like stringing beads together that it doesn't understand right like the words are just these meaningless beads that it's stringing but somewhere between that and large language models you're talking about this idea of functional analogs right like i the structures inside of these big matrices right like the way that the numbers relate to each other all of those mathematical relationships maybe there's an isomorphism right maybe there's like a similar structure where what's going on in our heads where we feel conscious could actually be very very similar to what's going on in the ai's matrices when,0.0,1.0,remove,too quiet to transcribe; -30 dB under speech; far from own speech; gate stuck open 58s; inaudible
42:44.85,42:45.16,0.31,-36.7,-24.6,0.10,,and stuff like that,0.0,0.82,review,too quiet to transcribe; -25 dB under speech; adjacent to own speech
43:56.12,43:56.16,0.04,-76.4,-64.3,0.00,,,0.0,0.99,remove,too quiet to transcribe; -64 dB under speech; far from own speech; inaudible
43:58.31,43:58.42,0.11,-34.4,-22.2,0.02,,brought up having coherent,0.0,0.99,remove,too quiet to transcribe; -22 dB under speech; far from own speech
43:58.61,43:59.37,0.76,-37.1,-25.0,0.03,,having coherent preferences,0.0,0.97,remove,too quiet to transcribe; -25 dB under speech; far from own speech
43:59.86,44:00.24,0.38,-25.5,-13.4,0.01,,in,0.0,0.97,remove,no words; -13 dB under speech; far from own speech
44:00.52,44:01.03,0.51,-29.8,-17.7,0.03,mmhmm,in the context,0.0,0.08,keep,-18 dB under speech; far from own speech; backchannel: mmhmm
44:01.19,44:01.35,0.16,-40.2,-28.1,0.03,,of,0.0,0.99,remove,too quiet to transcribe; -28 dB under speech; far from own speech; inaudible
44:01.70,44:02.16,0.46,-40.0,-27.9,0.05,,of your research,0.0,0.97,remove,too quiet to transcribe; -28 dB under speech; far from own speech; inaudible
44:02.31,44:02.55,0.24,-29.6,-17.5,0.02,,your research on wellbeing,0.0,0.97,remove,no words; -18 dB under speech; far from own speech
44:03.18,44:03.93,0.75,-29.2,-17.0,0.02,,wellbeing because coherent preferences,0.0,0.92,remove,no words; -17 dB under speech; far from own speech
44:04.08,44:04.51,0.43,-41.9,-29.8,0.02,,preferences,0.0,0.97,remove,too quiet to transcribe; -30 dB under speech; far from own speech; inaudible
44:04.64,44:04.78,0.14,-26.6,-14.5,0.05,,might be,0.0,0.97,remove,too quiet to transcribe; -15 dB under speech; far from own speech
44:05.03,44:05.13,0.10,-43.6,-31.5,0.06,,might be related,0.0,0.99,remove,too quiet to transcribe; -31 dB under speech; far from own speech; inaudible
44:05.37,44:05.90,0.53,-38.8,-26.7,0.04,,be related to feelings,0.0,0.97,remove,too quiet to transcribe; -27 dB under speech; far from own speech
44:06.13,44:06.15,0.02,-65.9,-53.8,0.00,,to feelings,0.0,0.99,remove,too quiet to transcribe; -54 dB under speech; far from own speech; inaudible
44:06.31,44:06.38,0.07,-56.7,-44.5,0.00,,feelings because,0.0,0.99,remove,too quiet to transcribe; -45 dB under speech; far from own speech; inaudible
44:06.74,44:06.85,0.11,-49.0,-36.9,0.06,,because like hey when,0.0,0.99,remove,too quiet to transcribe; -37 dB under speech; far from own speech; inaudible
44:06.98,44:07.32,0.34,-37.2,-25.1,0.05,,because like hey when you're a human,0.0,0.99,remove,too quiet to transcribe; -25 dB under speech; far from own speech
44:08.33,44:08.42,0.09,-40.9,-28.8,0.00,,when you feel bad,0.0,0.99,remove,too quiet to transcribe; -29 dB under speech; far from own speech; inaudible
44:08.55,44:08.72,0.17,-54.3,-42.2,0.05,,when you feel bad,0.0,0.99,remove,too quiet to transcribe; -42 dB under speech; far from own speech; inaudible
44:09.15,44:09.24,0.09,-37.2,-25.1,0.00,,maybe that's,0.0,0.99,remove,too quiet to transcribe; -25 dB under speech; far from own speech
44:09.98,44:10.23,0.25,-32.4,-20.3,0.02,,related to,0.0,0.99,remove,too quiet to transcribe; -20 dB under speech; far from own speech
44:10.83,44:11.09,0.26,-45.5,-33.4,0.06,,having preferences,0.0,0.99,remove,too quiet to transcribe; -33 dB under speech; far from own speech; inaudible
44:11.22,44:11.40,0.18,-47.3,-35.1,0.10,,preferences where you,0.0,0.99,remove,too quiet to transcribe; -35 dB under speech; far from own speech; inaudible
44:11.53,44:11.54,0.01,-71.7,-59.5,0.00,,where you wish,0.0,0.99,remove,too quiet to transcribe; -60 dB under speech; far from own speech; inaudible
44:11.88,44:12.07,0.19,-28.0,-15.8,0.05,so,you wish things,0.0,0.5,review,-16 dB under speech; far from own speech; words: so
44:12.30,44:12.31,0.01,-73.3,-61.1,0.00,,things were,0.0,0.99,remove,too quiet to transcribe; -61 dB under speech; far from own speech; inaudible
44:18.08,44:18.55,0.47,-30.7,-18.6,0.05,,and then your preferences,0.0,0.97,remove,no words; -19 dB under speech; far from own speech
44:19.17,44:19.24,0.07,-37.2,-25.0,0.00,,aren't being satisfied,0.0,0.99,remove,too quiet to transcribe; -25 dB under speech; far from own speech
44:19.88,44:20.12,0.24,-36.2,-24.0,0.09,,and maybe that's correlated,0.0,0.99,remove,too quiet to transcribe; -24 dB under speech; far from own speech
44:20.29,44:20.47,0.18,-29.4,-17.2,0.02,,maybe that's correlated,0.0,0.97,remove,no words; -17 dB under speech; far from own speech
44:20.64,44:20.70,0.06,-41.8,-29.7,0.00,,correlated with,0.0,0.99,remove,too quiet to transcribe; -30 dB under speech; far from own speech; inaudible
44:20.93,44:21.18,0.25,-29.2,-17.1,0.01,,with feeling,0.0,0.97,remove,no words; -17 dB under speech; far from own speech
44:21.36,44:21.75,0.39,-38.2,-26.1,0.04,,feeling sad so maybe,0.0,0.99,remove,too quiet to transcribe; -26 dB under speech; far from own speech
44:21.93,44:21.96,0.03,-71.0,-58.9,0.00,,so maybe you can't,0.0,0.99,remove,too quiet to transcribe; -59 dB under speech; far from own speech; inaudible
44:22.13,44:22.45,0.32,-37.4,-25.2,0.05,,so maybe you can't disentangle,0.0,0.99,remove,too quiet to transcribe; -25 dB under speech; far from own speech
44:22.73,44:23.14,0.41,-29.9,-17.8,0.02,,disentangle,0.0,0.92,remove,no words; -18 dB under speech; far from own speech
44:23.56,44:23.83,0.27,-41.0,-28.9,0.09,,preferences,0.0,0.99,remove,too quiet to transcribe; -29 dB under speech; far from own speech; inaudible
44:23.99,44:24.13,0.14,-67.3,-55.1,0.11,,from,0.0,1.0,remove,ncc 0.11; too quiet to transcribe; -55 dB under speech; far from own speech; inaudible
44:24.41,44:24.91,0.50,-63.5,-51.4,0.08,,from wellbeing,0.0,0.97,remove,too quiet to transcribe; -51 dB under speech; far from own speech; inaudible
44:25.07,44:25.42,0.35,-67.3,-55.2,0.07,,wellbeing is that kind,0.0,0.97,remove,too quiet to transcribe; -55 dB under speech; inaudible
44:25.75,44:26.47,0.72,-9.7,2.4,0.05,we,is that kind of the connection,0.0,0.0,keep,words: we; adjacent to own speech
44:48.20,44:48.25,0.05,-78.1,-66.0,0.00,,you found in large,0.0,0.99,remove,too quiet to transcribe; -66 dB under speech; far from own speech; inaudible
44:48.52,44:48.71,0.19,-13.8,-1.7,0.10,yeah,in large language,0.0,0.12,keep,ncc 0.10; far from own speech; backchannel: yeah
44:48.91,44:49.14,0.23,-50.2,-38.1,0.03,,language models,0.0,0.99,remove,too quiet to transcribe; -38 dB under speech; far from own speech; inaudible
44:49.25,44:50.00,0.75,-24.9,-12.7,0.02,sponsor thank,models right you mantas,0.0,0.27,review,-13 dB under speech; far from own speech; words: sponsor thank
44:50.16,44:50.50,0.34,-35.5,-23.4,0.05,,you mantas mazeika,0.0,0.99,remove,too quiet to transcribe; -23 dB under speech; far from own speech
44:51.54,44:51.93,0.39,-36.4,-24.3,0.09,,and a few other coauthors,0.0,0.99,remove,too quiet to transcribe; -24 dB under speech; far from own speech
44:52.98,44:53.15,0.17,-44.4,-32.3,0.03,,i actually covered,0.0,0.99,remove,too quiet to transcribe; -32 dB under speech; far from own speech; inaudible
44:53.30,44:53.39,0.09,-44.0,-31.9,0.00,,i actually covered,0.0,0.99,remove,too quiet to transcribe; -32 dB under speech; far from own speech; inaudible
44:54.30,44:54.50,0.20,-25.9,-13.8,0.03,so,this show so i encourage,1.0,0.99,remove,echoes Liron: so; -14 dB under speech; far from own speech
44:54.68,44:54.85,0.17,-59.7,-47.6,0.04,,so i encourage everybody,0.0,0.99,remove,too quiet to transcribe; -48 dB under speech; far from own speech; inaudible
44:55.08,44:55.11,0.03,-62.2,-50.1,0.00,,everybody to go,0.0,0.99,remove,too quiet to transcribe; -50 dB under speech; far from own speech; inaudible
44:55.62,44:56.33,0.71,-29.0,-16.9,0.02,,to go search uh doom debates,0.0,0.92,remove,no words; -17 dB under speech; far from own speech
44:56.73,44:57.04,0.31,-47.3,-35.1,0.03,,debates,0.0,0.99,remove,too quiet to transcribe; -35 dB under speech; far from own speech; inaudible
45:05.95,45:06.12,0.17,-26.8,-14.6,0.03,,on finding,0.0,0.97,remove,no words; -15 dB under speech; far from own speech
45:06.24,45:06.98,0.74,-31.6,-19.5,0.01,so you mentioned,on finding preferences,0.0,0.5,review,-19 dB under speech; far from own speech; words: so you mentioned
45:07.54,45:08.66,1.12,-29.6,-17.5,0.04,,inside ai and this,0.0,0.92,remove,no words; -18 dB under speech; far from own speech
45:08.77,45:08.92,0.15,-42.1,-30.0,0.04,,and this episode,0.0,0.99,remove,too quiet to transcribe; -30 dB under speech; far from own speech; inaudible
45:09.23,45:09.49,0.26,-38.6,-26.5,0.01,,episode is a followup,0.0,0.99,remove,too quiet to transcribe; -26 dB under speech; far from own speech
45:10.53,45:10.76,0.23,-45.9,-33.8,0.04,,we're also gonna talk about the,0.0,0.99,remove,too quiet to transcribe; -34 dB under speech; far from own speech; inaudible
45:11.01,45:11.30,0.29,-60.6,-48.4,0.06,,talk about the ai,0.0,0.99,remove,too quiet to transcribe; -48 dB under speech; far from own speech; inaudible
45:11.42,45:11.59,0.17,-68.5,-56.4,0.10,,the ai wellbeing,0.0,0.99,remove,too quiet to transcribe; -56 dB under speech; far from own speech; inaudible
45:11.84,45:12.38,0.54,-65.8,-53.7,0.08,,wellbeing side but,0.0,0.97,remove,too quiet to transcribe; -54 dB under speech; inaudible
45:12.54,45:12.60,0.06,-71.3,-59.2,0.00,,side but you do,0.0,0.97,remove,too quiet to transcribe; -59 dB under speech; inaudible
45:12.75,45:13.25,0.50,-41.2,-29.1,0.05,,but you do remember that paper,0.0,0.97,remove,too quiet to transcribe; -29 dB under speech; adjacent to own speech; inaudible
46:31.69,46:32.03,0.34,-21.6,-9.5,0.14,,theorems that tell you,0.0,0.98,remove,ncc 0.14; no words; -9 dB under speech; far from own speech
46:40.30,46:40.37,0.07,-65.1,-53.0,0.00,,it might not be the,0.0,0.99,remove,too quiet to transcribe; -53 dB under speech; far from own speech; inaudible
46:40.82,46:40.83,0.01,-83.2,-71.1,0.00,,be the case and eliezer's,0.0,0.99,remove,too quiet to transcribe; -71 dB under speech; far from own speech; inaudible
46:41.07,46:41.17,0.10,-75.5,-63.4,0.05,,case and eliezer's,0.0,0.99,remove,too quiet to transcribe; -63 dB under speech; far from own speech; inaudible
46:41.85,46:41.94,0.09,-64.3,-52.1,0.00,,like really but here's,0.0,0.99,remove,too quiet to transcribe; -52 dB under speech; far from own speech; inaudible
46:42.13,46:42.25,0.12,-64.6,-52.4,0.03,,but here's like all,0.0,0.99,remove,too quiet to transcribe; -52 dB under speech; far from own speech; inaudible
46:42.40,46:42.78,0.38,-57.4,-45.3,0.03,,here's like all these reasons,0.0,0.99,remove,too quiet to transcribe; -45 dB under speech; far from own speech; inaudible
47:25.13,47:33.01,7.88,-8.1,4.0,0.03,it is wild that the uti that you can literally fit utility functions and that they literally become more coherent as models scale like um,victory am i right nice,0.0,0.0,keep,real speech: it is wild that the uti that you can literally fit utility functions and that they literally become more coherent as models scale like um
48:08.86,48:08.95,0.09,-38.3,-26.2,0.00,,uh yeah,0.0,0.97,remove,too quiet to transcribe; -26 dB under speech
48:10.10,48:10.23,0.13,-38.7,-26.6,0.03,,do think it's a great paper,0.0,0.99,remove,too quiet to transcribe; -27 dB under speech; far from own speech
48:11.24,48:11.36,0.12,-36.7,-24.6,0.03,,think the episode is actually,0.0,0.99,remove,too quiet to transcribe; -25 dB under speech; far from own speech
48:17.66,48:18.03,0.37,-40.1,-28.0,0.04,,before you had these empirical,0.0,0.99,remove,too quiet to transcribe; -28 dB under speech; far from own speech; inaudible
48:19.03,48:19.56,0.53,-30.6,-18.5,0.07,switch,results from large language,0.0,0.5,review,-18 dB under speech; far from own speech; words: switch
49:03.72,49:03.73,0.01,-75.2,-63.0,0.00,,that are being built,0.0,0.99,remove,too quiet to transcribe; -63 dB under speech; far from own speech; inaudible
49:04.18,49:04.38,0.20,-40.6,-28.5,0.04,,built so when large,0.0,0.99,remove,too quiet to transcribe; -28 dB under speech; far from own speech; inaudible
49:04.53,49:05.43,0.90,-32.8,-20.7,0.05,,so when large language models were being built,0.0,0.97,remove,too quiet to transcribe; -21 dB under speech; far from own speech
49:06.88,49:06.94,0.06,-47.9,-35.7,0.00,,would've been really counterintuitive,0.0,0.99,remove,too quiet to transcribe; -36 dB under speech; far from own speech; inaudible
49:07.18,49:07.50,0.32,-23.9,-11.7,0.02,,really counterintuitive,0.0,0.97,remove,no words; -12 dB under speech; far from own speech
49:07.75,49:07.76,0.01,-68.4,-56.3,0.00,,to look,0.0,0.99,remove,too quiet to transcribe; -56 dB under speech; far from own speech; inaudible
49:08.26,49:08.42,0.16,-32.5,-20.3,0.02,,to look at the system and,0.0,0.99,remove,too quiet to transcribe; -20 dB under speech; far from own speech
49:08.56,49:08.77,0.21,-52.8,-40.7,0.06,,at the system and be like,0.0,0.99,remove,too quiet to transcribe; -41 dB under speech; far from own speech; inaudible
49:08.98,49:09.14,0.16,-39.1,-27.0,0.02,,and be like hmm if it's,0.0,0.99,remove,too quiet to transcribe; -27 dB under speech; far from own speech
49:09.45,49:09.55,0.10,-34.3,-22.2,0.03,,hmm if it's predicting,0.0,0.99,remove,too quiet to transcribe; -22 dB under speech; far from own speech
49:09.78,49:09.85,0.07,-57.9,-45.7,0.00,,it's predicting the next,0.0,0.99,remove,too quiet to transcribe; -46 dB under speech; far from own speech; inaudible
49:10.25,49:10.26,0.01,-51.4,-39.3,0.00,,the next token,0.0,0.99,remove,too quiet to transcribe; -39 dB under speech; far from own speech; inaudible
49:10.57,49:10.84,0.27,-31.9,-19.8,0.02,,token does that mean it's,0.0,0.99,remove,no words; -20 dB under speech; far from own speech
49:11.16,49:11.73,0.57,-32.2,-20.0,0.03,,mean it's going to have a coherent,0.0,0.97,remove,too quiet to transcribe; -20 dB under speech; far from own speech
49:12.00,49:12.01,0.01,-73.8,-61.7,0.00,,a coherent utility,0.0,0.99,remove,too quiet to transcribe; -62 dB under speech; far from own speech; inaudible
49:12.26,49:12.33,0.07,-35.7,-23.6,0.00,,utility,0.0,0.99,remove,too quiet to transcribe; -24 dB under speech; far from own speech
49:12.64,49:12.77,0.13,-32.6,-20.5,0.03,,utility function,0.0,0.99,remove,too quiet to transcribe; -20 dB under speech; far from own speech
49:12.90,49:13.01,0.11,-47.3,-35.2,0.04,,function,0.0,0.99,remove,too quiet to transcribe; -35 dB under speech; far from own speech; inaudible
49:13.29,49:13.39,0.10,-31.8,-19.7,0.02,,when i,0.0,0.99,remove,too quiet to transcribe; -20 dB under speech; far from own speech
49:13.77,49:14.17,0.40,-36.9,-24.8,0.03,,when i ask it questions,0.0,0.99,remove,too quiet to transcribe; -25 dB under speech; far from own speech
49:14.42,49:14.49,0.07,-45.4,-33.2,0.00,,questions about,0.0,0.99,remove,too quiet to transcribe; -33 dB under speech; far from own speech; inaudible
49:14.78,49:14.98,0.20,-30.9,-18.8,0.05,,about,0.0,0.99,remove,no words; -19 dB under speech; far from own speech
49:15.09,49:15.32,0.23,-35.5,-23.4,0.05,,how much,0.0,0.99,remove,too quiet to transcribe; -23 dB under speech; far from own speech
49:15.49,49:15.71,0.22,-55.5,-43.3,0.07,,how much money stuff,0.0,0.99,remove,too quiet to transcribe; -43 dB under speech; far from own speech; inaudible
49:15.93,49:16.22,0.29,-30.7,-18.6,0.03,it,money stuff is worth,0.0,0.73,review,-19 dB under speech; far from own speech; words: it
49:16.35,49:16.45,0.10,-25.4,-13.2,0.01,,stuff is worth,0.0,0.97,remove,too quiet to transcribe; -13 dB under speech; far from own speech
49:16.66,49:16.89,0.23,-42.3,-30.2,0.03,,worth and what,0.0,0.99,remove,too quiet to transcribe; -30 dB under speech; far from own speech; inaudible
49:17.36,49:17.44,0.08,-49.8,-37.6,0.00,,what tradeoffs it would,0.0,0.99,remove,too quiet to transcribe; -38 dB under speech; far from own speech; inaudible
49:18.02,49:18.03,0.01,-70.7,-58.5,0.00,,would make is that really,0.0,0.99,remove,too quiet to transcribe; -59 dB under speech; far from own speech; inaudible
49:18.22,49:18.26,0.04,-59.2,-47.1,0.00,,make is that really going,0.0,0.99,remove,too quiet to transcribe; -47 dB under speech; far from own speech; inaudible
49:18.40,49:18.42,0.02,-73.4,-61.3,0.00,,is that really going to,0.0,0.99,remove,too quiet to transcribe; -61 dB under speech; far from own speech; inaudible
49:18.59,49:18.86,0.27,-35.5,-23.3,0.02,,really going to emerge from,0.0,0.99,remove,too quiet to transcribe; -23 dB under speech; far from own speech
49:19.05,49:19.42,0.37,-33.0,-20.8,0.08,,to emerge from predicting the next,0.0,0.99,remove,too quiet to transcribe; -21 dB under speech; far from own speech
49:19.79,49:19.88,0.09,-41.9,-29.8,0.00,,the next token,0.0,0.99,remove,too quiet to transcribe; -30 dB under speech; far from own speech; inaudible
49:20.37,49:20.52,0.15,-54.0,-41.9,0.05,,how,0.0,0.99,remove,too quiet to transcribe; -42 dB under speech; far from own speech; inaudible
49:21.01,49:21.82,0.81,-35.9,-23.8,0.04,,how would you ever figure that out,0.0,0.97,remove,too quiet to transcribe; -24 dB under speech; far from own speech
49:22.75,49:23.24,0.49,-32.1,-20.0,0.07,,only way to figure it out,0.0,0.97,remove,too quiet to transcribe; -20 dB under speech; far from own speech
49:23.74,49:23.75,0.01,-62.4,-50.3,0.00,,out is,0.0,0.99,remove,too quiet to transcribe; -50 dB under speech; far from own speech; inaudible
49:24.05,49:24.08,0.03,-67.1,-55.0,0.00,,is to zoom,0.0,0.99,remove,too quiet to transcribe; -55 dB under speech; far from own speech; inaudible
49:24.25,49:24.28,0.03,-49.3,-37.1,0.00,,is to zoom,0.0,0.99,remove,too quiet to transcribe; -37 dB under speech; far from own speech; inaudible
49:24.56,49:24.84,0.28,-35.6,-23.5,0.04,,zoom out and,0.0,0.99,remove,too quiet to transcribe; -24 dB under speech; far from own speech
49:25.83,49:25.96,0.13,-54.3,-42.1,0.03,,have this worldview,0.0,0.99,remove,too quiet to transcribe; -42 dB under speech; far from own speech; inaudible
49:26.10,49:26.22,0.12,-41.9,-29.7,0.02,,this worldview that,0.0,0.99,remove,too quiet to transcribe; -30 dB under speech; far from own speech; inaudible
49:26.57,49:26.85,0.28,-50.4,-38.3,0.08,,that i often call,0.0,0.99,remove,too quiet to transcribe; -38 dB under speech; far from own speech; inaudible
49:26.98,49:27.02,0.04,-40.6,-28.5,0.00,,i often call in the,0.0,0.99,remove,too quiet to transcribe; -28 dB under speech; far from own speech; inaudible
49:27.84,50:27.27,59.43,-21.3,-9.2,0.01,,intelladynamics making inferences about the nature of the cognitive work that's being done so don't worry about the black box that's doing the work just ask what kind of work is it doing when i saw that large language models were able to do this general cognitive work able to answer a wide range of questions better than anything has ever before able to steer outcomes right like oh uh solve this logic puzzle write me an essay that would score an a on this test that even a a human would struggle to write when i saw that these systems were generally achieving all these different goals i'm like okay then i can treat this like a black box where the only thing i know about it is that is an is a it's a general outcome steerer which then lets me fit it to the theory of intelladynamics all of these things that eliezer yudkowsky personally worked out about what we can expect from a system that steers outcomes that is a way of looking at things that people who are so focused about implementing the language model implementing the particular next generation of ai they don't realize that there's this whole other,0.0,0.99,remove,no words; -9 dB under speech; far from own speech; gate stuck open 59s
50:27.61,50:27.64,0.03,-61.8,-49.7,0.00,,other theory,0.0,0.99,remove,too quiet to transcribe; -50 dB under speech; far from own speech; inaudible
50:27.81,50:27.83,0.02,-65.9,-53.8,0.00,,other theory,0.0,0.99,remove,too quiet to transcribe; -54 dB under speech; far from own speech; inaudible
50:28.23,50:28.30,0.07,-62.0,-49.8,0.00,,telling,0.0,0.99,remove,too quiet to transcribe; -50 dB under speech; far from own speech; inaudible
50:28.88,50:28.99,0.11,-61.9,-49.7,0.12,,them what they can,0.0,1.0,remove,ncc 0.12; too quiet to transcribe; -50 dB under speech; far from own speech; inaudible
50:29.13,50:29.24,0.11,-67.5,-55.4,0.09,,what they can expect,0.0,0.97,remove,too quiet to transcribe; -55 dB under speech; inaudible
50:29.69,50:29.72,0.03,-74.2,-62.1,0.00,,expect out of their systems,0.0,0.97,remove,too quiet to transcribe; -62 dB under speech; inaudible
52:51.90,52:52.00,0.10,-65.1,-53.0,0.05,,,0.0,0.99,remove,too quiet to transcribe; -53 dB under speech; far from own speech; inaudible
52:52.31,52:52.36,0.05,-71.6,-59.5,0.00,,about persona,0.0,0.99,remove,too quiet to transcribe; -59 dB under speech; far from own speech; inaudible
52:52.81,52:52.86,0.05,-83.6,-71.4,0.00,,persona selection,0.0,0.99,remove,too quiet to transcribe; -71 dB under speech; far from own speech; inaudible
52:53.06,52:53.08,0.02,-82.8,-70.7,0.00,,selection,0.0,0.99,remove,too quiet to transcribe; -71 dB under speech; far from own speech; inaudible
52:53.33,52:53.39,0.06,-72.1,-60.0,0.00,,selection,0.0,0.99,remove,too quiet to transcribe; -60 dB under speech; far from own speech; inaudible
52:54.54,52:55.21,0.67,-51.6,-39.5,0.04,,think that's the mental model where,0.0,0.97,remove,too quiet to transcribe; -39 dB under speech; far from own speech; inaudible
52:56.83,52:57.04,0.21,-65.5,-53.3,0.06,,to the ai,0.0,0.99,remove,too quiet to transcribe; -53 dB under speech; far from own speech; inaudible
53:04.46,53:04.47,0.01,-78.7,-66.6,0.00,,you know it's predicting,0.0,0.99,remove,too quiet to transcribe; -67 dB under speech; far from own speech; inaudible
53:04.63,53:04.66,0.03,-79.4,-67.2,0.00,,you know it's predicting the,0.0,0.99,remove,too quiet to transcribe; -67 dB under speech; far from own speech; inaudible
53:04.86,53:05.08,0.22,-50.2,-38.1,0.11,,predicting the next token,0.0,1.0,remove,ncc 0.11; too quiet to transcribe; -38 dB under speech; far from own speech; inaudible
53:27.58,53:27.60,0.02,-80.2,-68.1,0.00,,like emerges,0.0,0.99,remove,too quiet to transcribe; -68 dB under speech; far from own speech; inaudible
53:27.79,53:28.20,0.41,-17.4,-5.3,0.09,,like emerges and,0.0,0.18,keep,loud but no words (laugh / non-verbal?); far from own speech
53:44.09,53:44.50,0.41,-64.8,-52.7,0.06,,of these things we know from intelladynamics,0.0,0.97,remove,too quiet to transcribe; -53 dB under speech; far from own speech; inaudible
53:44.64,53:44.71,0.07,-61.8,-49.7,0.00,,know from intelladynamics,0.0,0.99,remove,too quiet to transcribe; -50 dB under speech; far from own speech; inaudible
53:45.02,53:45.16,0.14,-50.2,-38.0,0.03,,,0.0,0.99,remove,too quiet to transcribe; -38 dB under speech; far from own speech; inaudible
53:45.38,53:45.58,0.20,-71.1,-59.0,0.03,,but,0.0,0.99,remove,too quiet to transcribe; -59 dB under speech; far from own speech; inaudible
53:45.81,53:45.83,0.02,-66.9,-54.8,0.00,,but then,0.0,0.99,remove,too quiet to transcribe; -55 dB under speech; far from own speech; inaudible
53:46.22,53:46.30,0.08,-57.2,-45.1,0.00,,then some people,0.0,0.99,remove,too quiet to transcribe; -45 dB under speech; far from own speech; inaudible
53:48.06,53:48.18,0.12,-59.7,-47.6,0.04,,would be like yudkowsky,0.0,0.99,remove,too quiet to transcribe; -48 dB under speech; far from own speech; inaudible
53:49.43,53:49.58,0.15,-61.9,-49.7,0.04,,what he's talking about,0.0,0.99,remove,too quiet to transcribe; -50 dB under speech; far from own speech; inaudible
53:49.74,53:49.77,0.03,-74.7,-62.6,0.00,,about,0.0,0.99,remove,too quiet to transcribe; -63 dB under speech; far from own speech; inaudible
53:50.01,53:50.05,0.04,-72.5,-60.4,0.00,,about you're not,0.0,0.99,remove,too quiet to transcribe; -60 dB under speech; far from own speech; inaudible
53:50.29,53:50.35,0.06,-65.5,-53.4,0.00,,you're not even gonna,0.0,0.99,remove,too quiet to transcribe; -53 dB under speech; far from own speech; inaudible
53:51.46,53:51.68,0.22,-65.8,-53.7,0.03,,functions,0.0,0.99,remove,too quiet to transcribe; -54 dB under speech; far from own speech; inaudible
53:51.81,53:51.90,0.09,-58.3,-46.1,0.00,,they would,0.0,0.99,remove,too quiet to transcribe; -46 dB under speech; far from own speech; inaudible
53:52.08,53:52.19,0.11,-62.6,-50.4,0.04,,they would actually,0.0,0.99,remove,too quiet to transcribe; -50 dB under speech; far from own speech; inaudible
53:53.21,53:53.35,0.14,-66.6,-54.4,0.06,,persona selection,0.0,0.99,remove,too quiet to transcribe; -54 dB under speech; far from own speech; inaudible
53:53.64,53:53.79,0.15,-68.6,-56.4,0.11,,selection and they'd be like,0.0,1.0,remove,ncc 0.11; too quiet to transcribe; -56 dB under speech; far from own speech; inaudible
53:53.97,53:54.00,0.03,-83.7,-71.6,0.00,,and they'd be like look you're,0.0,0.99,remove,too quiet to transcribe; -72 dB under speech; far from own speech; inaudible
53:54.30,53:54.36,0.06,-74.3,-62.2,0.00,,like look you're fooling,0.0,0.99,remove,too quiet to transcribe; -62 dB under speech; far from own speech; inaudible
53:54.54,53:54.64,0.10,-68.1,-55.9,0.03,,you're fooling yourself,0.0,0.99,remove,too quiet to transcribe; -56 dB under speech; far from own speech; inaudible
53:54.96,53:54.97,0.01,-82.5,-70.4,0.00,,yourself,0.0,0.99,remove,too quiet to transcribe; -70 dB under speech; far from own speech; inaudible
53:55.18,53:55.26,0.08,-58.9,-46.8,0.00,,okay,0.0,0.99,remove,too quiet to transcribe; -47 dB under speech; far from own speech; inaudible
54:13.34,54:13.45,0.11,-58.6,-46.5,0.09,,argument you know,0.0,0.97,remove,too quiet to transcribe; -47 dB under speech; adjacent to own speech; inaudible
55:44.81,55:45.08,0.27,-20.4,-8.2,0.07,mmhmm,from case adam koja,0.0,0.08,keep,-8 dB under speech; far from own speech; backchannel: mmhmm
55:45.39,55:45.54,0.15,-55.7,-43.6,0.04,,adam koja who,0.0,0.99,remove,too quiet to transcribe; -44 dB under speech; far from own speech; inaudible
55:48.68,55:48.83,0.15,-62.0,-49.8,0.14,,i,0.0,1.0,remove,ncc 0.14; too quiet to transcribe; -50 dB under speech; far from own speech; inaudible
55:49.96,55:50.24,0.28,-61.0,-48.9,0.07,,a fo,0.0,0.99,remove,too quiet to transcribe; -49 dB under speech; far from own speech; inaudible
55:50.43,55:50.44,0.01,-83.3,-71.2,0.00,,a fo,0.0,0.99,remove,too quiet to transcribe; -71 dB under speech; far from own speech; inaudible
55:50.66,55:50.76,0.10,-69.0,-56.9,0.03,,fo or no,0.0,0.99,remove,too quiet to transcribe; -57 dB under speech; far from own speech; inaudible
55:51.03,55:51.04,0.01,-80.6,-68.5,0.00,,or no,0.0,0.99,remove,too quiet to transcribe; -68 dB under speech; far from own speech; inaudible
55:54.50,55:57.50,3.00,-8.9,3.2,0.06,uh i've heard of the distinction from uh tetlock's book,fox versus hedgehog,0.0,0.0,keep,far from own speech; real speech: uh i've heard of the distinction from uh tetlock's book
56:02.36,56:02.62,0.26,-39.3,-27.2,0.02,,first introduced it so,0.0,0.99,remove,too quiet to transcribe; -27 dB under speech; far from own speech
56:02.79,56:03.82,1.03,-28.8,-16.7,0.01,,it so you guys,0.0,0.92,remove,no words; -17 dB under speech; far from own speech
56:04.80,56:05.11,0.31,-28.8,-16.7,0.02,,just take the data,0.0,0.97,remove,no words; -17 dB under speech; far from own speech
56:05.33,56:06.09,0.76,-28.9,-16.8,0.03,,take the data as it comes right,0.0,0.92,remove,no words; -17 dB under speech; far from own speech
56:06.32,56:06.33,0.01,-73.4,-61.3,0.00,,right you,0.0,0.99,remove,too quiet to transcribe; -61 dB under speech; far from own speech; inaudible
56:07.71,56:07.73,0.02,-63.6,-51.5,0.00,,at the world with fresh,0.0,0.99,remove,too quiet to transcribe; -51 dB under speech; far from own speech; inaudible
56:07.98,56:08.28,0.30,-35.9,-23.8,0.05,,with fresh eyes you're like,0.0,0.99,remove,too quiet to transcribe; -24 dB under speech; far from own speech
56:08.42,56:08.47,0.05,-65.9,-53.8,0.00,,eyes you're like okay,0.0,0.99,remove,too quiet to transcribe; -54 dB under speech; far from own speech; inaudible
56:33.70,56:34.14,0.44,-48.3,-36.2,0.03,,mental model,0.0,0.97,remove,too quiet to transcribe; -36 dB under speech; far from own speech; inaudible
56:34.39,56:34.97,0.58,-35.3,-23.2,0.02,,it has math to,0.0,0.97,remove,too quiet to transcribe; -23 dB under speech; far from own speech
56:35.27,56:35.97,0.70,-33.1,-20.9,0.02,,math to it it has logic to it,0.0,0.97,remove,too quiet to transcribe; -21 dB under speech; far from own speech
56:36.30,56:36.40,0.10,-59.7,-47.6,0.05,,to it,0.0,0.99,remove,too quiet to transcribe; -48 dB under speech; far from own speech; inaudible
56:36.75,56:37.08,0.33,-22.5,-10.3,0.06,,this idea of,0.0,0.97,remove,no words; -10 dB under speech; far from own speech
56:37.43,56:37.52,0.09,-55.0,-42.9,0.00,,of what outcome,0.0,0.99,remove,too quiet to transcribe; -43 dB under speech; far from own speech; inaudible
56:37.72,56:37.83,0.11,-34.8,-22.7,0.03,,what outcome,0.0,0.99,remove,too quiet to transcribe; -23 dB under speech; far from own speech
56:38.03,56:38.32,0.29,-46.0,-33.9,0.05,,outcome steering implies,0.0,0.99,remove,too quiet to transcribe; -34 dB under speech; far from own speech; inaudible
56:38.71,56:39.19,0.48,-34.7,-22.6,0.06,,implies that,0.0,0.97,remove,too quiet to transcribe; -23 dB under speech; far from own speech
56:40.28,56:40.66,0.38,-35.7,-23.6,0.04,,using for twenty years that,0.0,0.99,remove,too quiet to transcribe; -24 dB under speech; far from own speech
56:40.83,56:40.89,0.06,-57.7,-45.5,0.00,,years that eliezer,0.0,0.99,remove,too quiet to transcribe; -46 dB under speech; far from own speech; inaudible
56:41.15,56:41.30,0.15,-32.1,-19.9,0.02,,that eliezer yudkowsky,0.0,0.99,remove,too quiet to transcribe; -20 dB under speech; far from own speech
56:42.51,56:42.58,0.07,-57.8,-45.7,0.00,,through his writing,0.0,0.99,remove,too quiet to transcribe; -46 dB under speech; far from own speech; inaudible
56:42.70,56:42.91,0.21,-46.3,-34.2,0.04,,through his writing i've been,0.0,0.99,remove,too quiet to transcribe; -34 dB under speech; far from own speech; inaudible
56:43.17,56:43.25,0.08,-37.7,-25.5,0.00,,i've been a hedgehog,0.0,0.99,remove,too quiet to transcribe; -26 dB under speech; far from own speech
56:43.46,56:43.58,0.12,-43.5,-31.4,0.04,,been a hedgehog for all,0.0,0.99,remove,too quiet to transcribe; -31 dB under speech; far from own speech; inaudible
56:43.77,56:43.98,0.21,-49.7,-37.6,0.05,,for all of that and,0.0,0.99,remove,too quiet to transcribe; -38 dB under speech; far from own speech; inaudible
56:44.44,56:44.80,0.36,-35.9,-23.8,0.06,,that and so in this conversation,0.0,0.99,remove,too quiet to transcribe; -24 dB under speech; far from own speech
56:45.77,56:45.88,0.11,-47.2,-35.0,0.05,,you can see,0.0,0.99,remove,too quiet to transcribe; -35 dB under speech; far from own speech; inaudible
56:46.44,56:46.48,0.04,-81.7,-69.5,0.00,,i've been very interesting,0.0,0.99,remove,too quiet to transcribe; -70 dB under speech; far from own speech; inaudible
56:46.68,56:46.74,0.06,-67.2,-55.1,0.00,,been very interesting,0.0,0.99,remove,too quiet to transcribe; -55 dB under speech; far from own speech; inaudible
56:46.97,56:47.31,0.34,-41.3,-29.2,0.07,,very interesting to be like look,0.0,0.99,remove,too quiet to transcribe; -29 dB under speech; far from own speech; inaudible
56:47.50,56:47.65,0.15,-47.6,-35.5,0.03,,be like look rewind,0.0,0.99,remove,too quiet to transcribe; -36 dB under speech; far from own speech; inaudible
56:48.28,56:48.36,0.08,-49.0,-36.8,0.00,,rewind the clock,0.0,0.99,remove,too quiet to transcribe; -37 dB under speech; far from own speech; inaudible
56:48.50,56:48.80,0.30,-27.3,-15.1,0.04,,the clock to twenty,0.0,0.97,remove,no words; -15 dB under speech; far from own speech
56:49.50,56:49.84,0.34,-38.7,-26.5,0.03,,twenty did you,0.0,0.99,remove,too quiet to transcribe; -27 dB under speech; far from own speech
56:49.95,56:50.00,0.05,-60.9,-48.8,0.00,,did you properly,0.0,0.99,remove,too quiet to transcribe; -49 dB under speech; far from own speech; inaudible
56:50.21,56:52.07,1.86,-32.7,-20.6,0.05,,you properly see this coming this is a test of your mental,0.0,1.0,remove,too quiet to transcribe; -21 dB under speech; far from own speech; gate stuck open 2s
56:52.71,56:52.80,0.09,-41.3,-29.2,0.00,,mental model,0.0,0.99,remove,too quiet to transcribe; -29 dB under speech; far from own speech; inaudible
56:53.12,56:53.82,0.70,-33.2,-21.1,0.04,,and then in your answer you're,0.0,0.97,remove,too quiet to transcribe; -21 dB under speech; far from own speech
56:54.24,56:54.27,0.03,-59.1,-47.0,0.00,,you're like hey it's,0.0,0.99,remove,too quiet to transcribe; -47 dB under speech; far from own speech; inaudible
56:54.38,56:54.88,0.50,-47.2,-35.1,0.04,,you're like hey it's so interesting yeah,0.0,0.97,remove,too quiet to transcribe; -35 dB under speech; far from own speech; inaudible
59:03.72,59:03.92,0.20,-41.6,-29.5,0.06,,finish up my hedgehog,0.0,0.99,remove,too quiet to transcribe; -29 dB under speech; far from own speech; inaudible
59:04.07,59:04.67,0.60,-34.7,-22.6,0.06,,up my hedgehog monologue,0.0,0.97,remove,too quiet to transcribe; -23 dB under speech; far from own speech
59:04.85,59:04.88,0.03,-59.3,-47.2,0.00,,monologue,0.0,0.99,remove,too quiet to transcribe; -47 dB under speech; far from own speech; inaudible
59:05.12,59:05.85,0.73,-42.8,-30.7,0.06,,because one,0.0,0.97,remove,too quiet to transcribe; -31 dB under speech; far from own speech; inaudible
59:06.12,59:06.19,0.07,-45.0,-32.9,0.00,,one of the things,0.0,0.99,remove,too quiet to transcribe; -33 dB under speech; far from own speech; inaudible
59:06.65,59:07.11,0.46,-29.5,-17.3,0.10,,the things people come here for,0.0,0.92,remove,no words; -17 dB under speech; far from own speech
59:07.26,59:07.41,0.15,-57.6,-45.5,0.05,,come here for dune debates,0.0,0.99,remove,too quiet to transcribe; -46 dB under speech; far from own speech; inaudible
59:07.62,59:07.97,0.35,-45.8,-33.7,0.03,,for dune debates is to,0.0,0.97,remove,too quiet to transcribe; -34 dB under speech; inaudible
59:08.43,59:09.04,0.61,-24.9,-12.7,0.05,that's it,to learn,0.0,0.12,keep,-13 dB under speech; words: that's it
59:09.41,59:11.08,1.67,-7.1,5.0,0.06,use this if that means,learn yudkowskianism by osmosis,0.0,0.0,keep,far from own speech; real speech: use this if that means
59:16.78,59:22.07,5.29,-29.4,-17.3,0.01,,and people brought up in the wake of these llms people still push back against yudkowsky they said,0.0,1.0,remove,no words; -17 dB under speech; far from own speech; gate stuck open 5s
59:22.22,59:25.13,2.91,-32.0,-19.9,0.06,,they said why are you saying this thing has goals it's just picking,0.0,1.0,remove,too quiet to transcribe; -20 dB under speech; far from own speech; gate stuck open 3s
59:25.24,59:25.33,0.09,-69.0,-56.9,0.00,,just picking,0.0,0.99,remove,too quiet to transcribe; -57 dB under speech; far from own speech; inaudible
59:25.52,59:25.62,0.10,-64.5,-52.4,0.06,,picking a persona,0.0,0.99,remove,too quiet to transcribe; -52 dB under speech; far from own speech; inaudible
59:25.86,59:26.91,1.05,-32.9,-20.8,0.01,,a persona and the persona,0.0,0.97,remove,too quiet to transcribe; -21 dB under speech; far from own speech
59:27.15,59:28.02,0.87,-38.3,-26.2,0.06,,the persona is anthropomorphized,0.0,0.97,remove,too quiet to transcribe; -26 dB under speech; far from own speech
59:28.13,59:28.25,0.12,-59.0,-46.9,0.12,,anthropomorphized,0.0,1.0,remove,ncc 0.12; too quiet to transcribe; -47 dB under speech; far from own speech; inaudible
59:28.42,59:29.00,0.58,-44.2,-32.1,0.07,,because you trained,0.0,0.97,remove,too quiet to transcribe; -32 dB under speech; far from own speech; inaudible
59:29.22,59:30.74,1.52,-19.2,-7.1,0.02,so much museum stuff,you trained it on human data so yudkowsky,0.25,0.73,review,-7 dB under speech; far from own speech; words: so much museum stuff; gate stuck open 2s
59:30.85,59:32.73,1.88,-36.5,-24.3,0.04,,so yudkowsky is still wrong you're looking at something pretending,0.0,1.0,remove,too quiet to transcribe; -24 dB under speech; far from own speech; gate stuck open 2s
59:32.89,59:33.65,0.76,-49.7,-37.6,0.04,,at something pretending to be a human,0.0,0.97,remove,too quiet to transcribe; -38 dB under speech; far from own speech; inaudible
60:01.85,60:03.05,1.20,-38.8,-26.7,0.04,,do in order to be humanlike,0.0,0.97,remove,too quiet to transcribe; -27 dB under speech; far from own speech
60:03.21,60:03.22,0.01,-81.8,-69.7,0.00,,,0.0,0.99,remove,too quiet to transcribe; -70 dB under speech; far from own speech; inaudible
60:03.71,60:04.50,0.79,-40.8,-28.6,0.03,,then it's doing intellidynamics,0.0,0.97,remove,too quiet to transcribe; -29 dB under speech; far from own speech; inaudible
60:04.62,60:05.69,1.07,-36.3,-24.2,0.02,,intellidynamics it's steering outcomes,0.0,0.97,remove,too quiet to transcribe; -24 dB under speech; far from own speech
60:05.82,60:06.35,0.53,-46.3,-34.2,0.03,,outcomes so it's been,0.0,0.97,remove,too quiet to transcribe; -34 dB under speech; far from own speech; inaudible
60:07.05,60:07.31,0.26,-12.0,0.1,0.07,,very misleading like people,0.0,0.38,review,loud but no words (laugh / non-verbal?); far from own speech
60:07.47,60:07.59,0.12,-52.5,-40.4,0.15,,like people are like,0.0,1.0,remove,ncc 0.15; too quiet to transcribe; -40 dB under speech; far from own speech; inaudible
60:07.75,60:08.07,0.32,-6.9,5.2,0.06,,like people are like oh,0.0,0.38,review,loud but no words (laugh / non-verbal?); far from own speech
60:08.20,60:08.22,0.02,-74.8,-62.6,0.00,,like oh you're,0.0,0.99,remove,too quiet to transcribe; -63 dB under speech; far from own speech; inaudible
60:08.37,60:08.56,0.19,-42.4,-30.3,0.04,,oh you're just putting,0.0,0.99,remove,too quiet to transcribe; -30 dB under speech; far from own speech; inaudible
60:08.79,60:09.13,0.34,-42.7,-30.5,0.04,,you're just putting on a human,0.0,0.99,remove,too quiet to transcribe; -31 dB under speech; far from own speech; inaudible
60:09.52,60:09.81,0.29,-50.4,-38.2,0.10,,human costume,0.0,0.99,remove,too quiet to transcribe; -38 dB under speech; far from own speech; inaudible
60:10.46,60:11.40,0.94,-39.1,-27.0,0.03,,it's like no this is not just any costume,0.0,0.97,remove,too quiet to transcribe; -27 dB under speech; far from own speech
60:11.76,60:12.09,0.33,-34.8,-22.7,0.04,,costume this is the costume,0.0,0.99,remove,too quiet to transcribe; -23 dB under speech; far from own speech
60:12.25,60:12.35,0.10,-65.2,-53.0,0.14,,this is the costume,0.0,1.0,remove,ncc 0.14; too quiet to transcribe; -53 dB under speech; far from own speech; inaudible
60:12.64,60:13.04,0.40,-32.9,-20.8,0.04,,costume that has the superpower,0.0,0.99,remove,too quiet to transcribe; -21 dB under speech; far from own speech
60:13.21,60:13.25,0.04,-59.7,-47.5,0.00,,has the superpower,0.0,0.99,remove,too quiet to transcribe; -48 dB under speech; far from own speech; inaudible
60:13.39,60:14.11,0.72,-19.4,-7.2,0.08,,the superpower of steering,0.0,0.99,remove,no words; -7 dB under speech; far from own speech; gate stuck open 1s
60:14.40,60:14.57,0.17,-31.0,-18.9,0.02,,steering outcomes,0.0,0.99,remove,no words; -19 dB under speech; far from own speech
60:14.72,60:15.15,0.43,-43.1,-30.9,0.06,,outcomes it's not,0.0,0.97,remove,too quiet to transcribe; -31 dB under speech; far from own speech; inaudible
60:15.29,60:15.36,0.07,-57.2,-45.1,0.00,,it's not,0.0,0.99,remove,too quiet to transcribe; -45 dB under speech; far from own speech; inaudible
60:25.90,60:26.34,0.44,-36.1,-24.0,0.08,,right where other people would be like,0.0,0.97,remove,too quiet to transcribe; -24 dB under speech; far from own speech
60:27.07,60:27.09,0.02,-57.0,-44.9,0.00,,eh what,0.0,0.99,remove,too quiet to transcribe; -45 dB under speech; far from own speech; inaudible
60:27.46,60:27.62,0.16,-41.4,-29.2,0.05,,what does it matter if,0.0,0.99,remove,too quiet to transcribe; -29 dB under speech; far from own speech; inaudible
60:28.09,60:28.42,0.33,-41.2,-29.1,0.03,,matter if it's pretending to be a human,0.0,0.99,remove,too quiet to transcribe; -29 dB under speech; far from own speech; inaudible
60:28.77,60:28.81,0.04,-75.0,-62.9,0.00,,to be a human,0.0,0.99,remove,too quiet to transcribe; -63 dB under speech; far from own speech; inaudible
60:29.00,60:31.56,2.56,-32.0,-19.9,0.02,,a human if it's pretending to be a bumblebee it's all the same and,0.0,1.0,remove,too quiet to transcribe; -20 dB under speech; far from own speech; gate stuck open 3s
60:42.45,60:43.51,1.06,-28.4,-16.3,0.14,,it's doing in order to pretend,0.0,0.98,remove,ncc 0.14; no words; -16 dB under speech; far from own speech
60:43.65,60:44.29,0.64,-38.9,-26.7,0.03,,pretend is this kind,0.0,0.97,remove,too quiet to transcribe; -27 dB under speech; far from own speech
60:44.83,60:45.00,0.17,-70.8,-58.7,0.06,,kind of dangerous,0.0,0.99,remove,too quiet to transcribe; -59 dB under speech; far from own speech; inaudible
60:45.15,60:45.16,0.01,-76.8,-64.7,0.00,,dangerous work,0.0,0.99,remove,too quiet to transcribe; -65 dB under speech; far from own speech; inaudible
60:46.41,60:47.42,1.01,-35.6,-23.5,0.02,,nature of the work being done okay so,0.0,0.97,remove,too quiet to transcribe; -23 dB under speech; far from own speech
60:47.71,60:47.74,0.03,-68.3,-56.1,0.00,,okay so i do,0.0,0.99,remove,too quiet to transcribe; -56 dB under speech; far from own speech; inaudible
60:53.23,60:53.33,0.10,-47.4,-35.3,0.06,,to not be surprised,0.0,0.99,remove,too quiet to transcribe; -35 dB under speech; far from own speech; inaudible
60:53.56,60:53.68,0.12,-55.2,-43.1,0.08,,be surprised,0.0,0.99,remove,too quiet to transcribe; -43 dB under speech; far from own speech; inaudible
60:54.49,60:54.83,0.34,-42.8,-30.7,0.06,,that now,0.0,0.99,remove,too quiet to transcribe; -31 dB under speech; far from own speech; inaudible
60:54.95,60:55.53,0.58,-31.9,-19.8,0.07,,now openai is saying,0.0,0.97,remove,no words; -20 dB under speech; far from own speech
60:55.85,60:55.95,0.10,-51.7,-39.5,0.04,,is saying hey we need,0.0,0.99,remove,too quiet to transcribe; -40 dB under speech; far from own speech; inaudible
60:56.32,60:56.46,0.14,-35.4,-23.2,0.01,,hey we need to we,0.0,0.99,remove,too quiet to transcribe; -23 dB under speech; far from own speech
60:57.28,60:57.68,0.40,-26.8,-14.6,0.02,yes,we need to slow down,0.0,0.18,keep,-15 dB under speech; far from own speech; backchannel: yes
60:57.94,60:58.04,0.10,-45.6,-33.5,0.04,,slow down because,0.0,0.99,remove,too quiet to transcribe; -33 dB under speech; far from own speech; inaudible
60:58.58,60:59.09,0.51,-34.9,-22.8,0.04,,for some reason,0.0,0.97,remove,too quiet to transcribe; -23 dB under speech; far from own speech
63:14.98,63:15.10,0.12,-63.4,-51.3,0.03,,inside of,0.0,0.99,remove,too quiet to transcribe; -51 dB under speech; far from own speech; inaudible
63:15.34,63:15.50,0.16,-22.7,-10.6,0.04,,inside of these llms,0.0,0.97,remove,no words; -11 dB under speech; far from own speech
63:17.36,63:17.74,0.38,-11.9,0.2,0.08,hmm,research from last,0.0,0.03,keep,far from own speech; backchannel: hmm
63:20.47,63:20.56,0.09,-75.1,-63.0,0.00,,twenty twentyfive,0.0,0.99,remove,too quiet to transcribe; -63 dB under speech; far from own speech; inaudible
63:20.87,63:22.34,1.47,-37.3,-25.2,0.02,,twentyfive when i was actually corresponding,0.0,1.0,remove,too quiet to transcribe; -25 dB under speech; far from own speech; gate stuck open 1s
63:22.47,63:23.19,0.72,-37.9,-25.7,0.01,,with montas mozaika,0.0,0.97,remove,too quiet to transcribe; -26 dB under speech; far from own speech
63:23.40,63:25.16,1.76,-30.3,-18.1,0.02,,mozaika i was asking him some questions,0.0,0.97,remove,no words; -18 dB under speech; far from own speech
63:25.27,63:25.45,0.18,-56.4,-44.3,0.04,,we left,0.0,0.99,remove,too quiet to transcribe; -44 dB under speech; far from own speech; inaudible
63:25.62,63:26.07,0.45,-42.8,-30.7,0.05,,we left some open,0.0,0.97,remove,too quiet to transcribe; -31 dB under speech; far from own speech; inaudible
63:26.21,63:26.42,0.21,-42.9,-30.8,0.03,,some open questions,0.0,0.99,remove,too quiet to transcribe; -31 dB under speech; far from own speech; inaudible
63:26.54,63:27.05,0.51,-42.5,-30.4,0.04,,open questions for example,0.0,0.97,remove,too quiet to transcribe; -30 dB under speech; far from own speech; inaudible
63:27.50,63:28.76,1.26,-32.7,-20.5,0.03,,for example this whole,0.0,0.97,remove,too quiet to transcribe; -21 dB under speech; far from own speech
63:28.97,63:29.04,0.07,-49.6,-37.4,0.00,,this whole idea of,0.0,0.99,remove,too quiet to transcribe; -37 dB under speech; far from own speech; inaudible
63:29.18,63:32.94,3.76,-35.4,-23.3,0.03,,this whole idea of a thinking model i w i was i was asking montas if the model,0.0,0.97,remove,too quiet to transcribe; -23 dB under speech; far from own speech
63:33.06,63:34.20,1.14,-42.3,-30.2,0.02,,if the model can think maybe,0.0,0.97,remove,too quiet to transcribe; -30 dB under speech; far from own speech; inaudible
63:34.59,63:35.57,0.98,-34.1,-21.9,0.02,,maybe it'll go away from the,0.0,0.97,remove,too quiet to transcribe; -22 dB under speech; far from own speech
63:35.74,63:35.96,0.22,-50.2,-38.0,0.05,,from the naive,0.0,0.99,remove,too quiet to transcribe; -38 dB under speech; far from own speech; inaudible
63:36.20,63:36.26,0.06,-70.5,-58.4,0.00,,the naive utility,0.0,0.99,remove,too quiet to transcribe; -58 dB under speech; far from own speech; inaudible
63:36.38,63:37.23,0.85,-23.3,-11.1,0.02,,naive utility that the llm,0.0,0.92,remove,no words; -11 dB under speech; far from own speech
63:37.67,63:37.75,0.08,-61.7,-49.6,0.00,,first outputs,0.0,0.99,remove,too quiet to transcribe; -50 dB under speech; far from own speech; inaudible
63:37.94,63:38.15,0.21,-56.2,-44.1,0.08,,first outputs because,0.0,0.99,remove,too quiet to transcribe; -44 dB under speech; far from own speech; inaudible
63:38.36,63:38.74,0.38,-37.6,-25.5,0.02,,because you're giving the llm,0.0,0.99,remove,too quiet to transcribe; -25 dB under speech; far from own speech
63:38.96,63:39.35,0.39,-49.8,-37.7,0.09,,giving the llm like one,0.0,0.99,remove,too quiet to transcribe; -38 dB under speech; far from own speech; inaudible
63:39.82,63:39.95,0.13,-49.8,-37.6,0.10,,one token to,0.0,1.0,remove,ncc 0.10; too quiet to transcribe; -38 dB under speech; far from own speech; inaudible
63:40.26,63:40.52,0.26,-42.4,-30.3,0.04,,to think right when you're,0.0,0.99,remove,too quiet to transcribe; -30 dB under speech; far from own speech; inaudible
63:40.88,63:41.15,0.27,-45.1,-33.0,0.03,,right when you're not turning on thinking,0.0,0.99,remove,too quiet to transcribe; -33 dB under speech; far from own speech; inaudible
63:41.39,63:41.70,0.31,-31.9,-19.7,0.14,,turning on thinking and that,0.0,1.0,remove,ncc 0.14; no words; -20 dB under speech; far from own speech
63:41.87,63:42.99,1.12,-29.2,-17.0,0.05,,and that was where the studies were first,0.0,0.92,remove,no words; -17 dB under speech; far from own speech
63:59.11,63:59.12,0.01,-80.9,-68.8,0.00,,associations,0.0,0.99,remove,too quiet to transcribe; -69 dB under speech; far from own speech; inaudible
63:59.29,63:59.30,0.01,-82.8,-70.7,0.00,,baked,0.0,0.99,remove,too quiet to transcribe; -71 dB under speech; far from own speech; inaudible
63:59.61,64:00.04,0.43,-49.7,-37.5,0.05,,baked in that when you only,0.0,0.97,remove,too quiet to transcribe; -38 dB under speech; far from own speech; inaudible
64:00.20,64:00.23,0.03,-74.9,-62.8,0.00,,in that when you only give,0.0,0.99,remove,too quiet to transcribe; -63 dB under speech; far from own speech; inaudible
64:00.53,64:00.57,0.04,-54.8,-42.6,0.00,,you only give it one,0.0,0.99,remove,too quiet to transcribe; -43 dB under speech; far from own speech; inaudible
64:00.86,64:02.23,1.37,-25.7,-13.6,0.11,,give it one token of time to think the first,0.0,1.0,remove,ncc 0.11; no words; -14 dB under speech; far from own speech; gate stuck open 1s
64:14.51,64:17.51,3.00,-7.3,4.9,0.06,i believe montes has done followup with letting it think and i,with letting it think,0.33,0.18,keep,partly echoes Liron (33%)
64:31.54,64:31.56,0.02,-68.4,-56.3,0.00,,establishing,0.0,0.99,remove,too quiet to transcribe; -56 dB under speech; far from own speech; inaudible
64:31.73,64:32.00,0.27,-37.9,-25.8,0.03,,establishing,0.0,0.99,remove,too quiet to transcribe; -26 dB under speech; far from own speech
64:32.14,64:32.68,0.54,-36.8,-24.6,0.03,,this base,0.0,0.97,remove,too quiet to transcribe; -25 dB under speech; far from own speech
64:32.79,64:33.03,0.24,-27.2,-15.1,0.02,,base that these,0.0,0.97,remove,no words; -15 dB under speech; far from own speech
64:33.21,64:34.35,1.14,-40.8,-28.6,0.01,,that these llms will,0.0,0.97,remove,too quiet to transcribe; -29 dB under speech; far from own speech; inaudible
64:34.49,64:34.73,0.24,-49.1,-36.9,0.02,,will talk,0.0,0.99,remove,too quiet to transcribe; -37 dB under speech; far from own speech; inaudible
64:34.89,64:34.90,0.01,-71.3,-59.2,0.00,,will talk to you,0.0,0.99,remove,too quiet to transcribe; -59 dB under speech; far from own speech; inaudible
64:35.09,64:35.35,0.26,-44.2,-32.0,0.02,,talk to you coherently,0.0,0.99,remove,too quiet to transcribe; -32 dB under speech; far from own speech; inaudible
64:35.49,64:35.56,0.07,-53.7,-41.6,0.00,,coherently about,0.0,0.99,remove,too quiet to transcribe; -42 dB under speech; far from own speech; inaudible
64:35.99,64:36.12,0.13,-35.8,-23.7,0.02,,about preferences,0.0,0.99,remove,too quiet to transcribe; -24 dB under speech; far from own speech
64:36.27,64:36.34,0.07,-51.2,-39.0,0.00,,preferences you know,0.0,0.99,remove,too quiet to transcribe; -39 dB under speech; far from own speech; inaudible
64:37.21,64:37.30,0.09,-31.7,-19.6,0.00,,hundred percent perfect,0.0,0.99,remove,too quiet to transcribe; -20 dB under speech; far from own speech
64:37.64,64:37.66,0.02,-75.7,-63.6,0.00,,perfect but,0.0,0.99,remove,too quiet to transcribe; -64 dB under speech; far from own speech; inaudible
64:37.87,64:37.97,0.10,-38.6,-26.5,0.04,,but,0.0,0.99,remove,too quiet to transcribe; -26 dB under speech; far from own speech
64:38.73,64:38.79,0.06,-59.5,-47.3,0.00,,unambiguously,0.0,0.99,remove,too quiet to transcribe; -47 dB under speech; far from own speech; inaudible
64:39.85,64:39.92,0.07,-55.3,-43.1,0.00,,like there's really,0.0,0.99,remove,too quiet to transcribe; -43 dB under speech; far from own speech; inaudible
64:40.31,64:40.58,0.27,-31.5,-19.4,0.04,,really no doubt,0.0,0.99,remove,no words; -19 dB under speech; far from own speech
64:40.73,64:41.19,0.46,-32.5,-20.4,0.10,,no doubt that they are,0.0,0.99,remove,ncc 0.10; too quiet to transcribe; -20 dB under speech; far from own speech
64:41.36,64:41.51,0.15,-52.9,-40.8,0.04,,that they are selfconsistent,0.0,0.99,remove,too quiet to transcribe; -41 dB under speech; far from own speech; inaudible
64:41.75,64:42.16,0.41,-33.5,-21.4,0.05,,are selfconsistent,0.0,0.97,remove,too quiet to transcribe; -21 dB under speech; far from own speech
64:42.34,64:42.69,0.35,-46.1,-34.0,0.07,,,0.0,0.99,remove,too quiet to transcribe; -34 dB under speech; far from own speech; inaudible
64:42.83,64:42.88,0.05,-70.3,-58.2,0.00,,the majority,0.0,0.99,remove,too quiet to transcribe; -58 dB under speech; far from own speech; inaudible
64:43.16,64:43.17,0.01,-66.3,-54.2,0.00,,the majority,0.0,0.99,remove,too quiet to transcribe; -54 dB under speech; far from own speech; inaudible
64:43.44,64:44.97,1.53,-38.7,-26.6,0.03,,the majority of the time like there there's no statistical,0.0,1.0,remove,too quiet to transcribe; -27 dB under speech; far from own speech; gate stuck open 2s
64:45.33,64:45.35,0.02,-61.7,-49.6,0.00,,,0.0,0.99,remove,too quiet to transcribe; -50 dB under speech; far from own speech; inaudible
64:45.50,64:45.68,0.18,-46.4,-34.3,0.09,,ambiguity,0.0,0.99,remove,too quiet to transcribe; -34 dB under speech; far from own speech; inaudible
64:45.90,64:46.50,0.60,-37.0,-24.9,0.02,,ambiguity that this,0.0,0.97,remove,too quiet to transcribe; -25 dB under speech; far from own speech
64:46.61,64:46.76,0.15,-60.5,-48.4,0.07,,that this is indeed,0.0,0.99,remove,too quiet to transcribe; -48 dB under speech; far from own speech; inaudible
64:47.01,64:47.04,0.03,-75.8,-63.7,0.00,,this is indeed,0.0,0.99,remove,too quiet to transcribe; -64 dB under speech; far from own speech; inaudible
64:47.15,64:47.26,0.11,-35.5,-23.4,0.03,,is indeed some,0.0,0.99,remove,too quiet to transcribe; -23 dB under speech; far from own speech
64:47.67,64:48.17,0.50,-39.6,-27.5,0.10,,some structure hidden,0.0,0.97,remove,too quiet to transcribe; -27 dB under speech; far from own speech
64:48.50,64:48.62,0.12,-37.5,-25.4,0.02,,hidden within these,0.0,0.99,remove,too quiet to transcribe; -25 dB under speech; far from own speech
64:48.98,64:49.02,0.04,-60.5,-48.4,0.00,,within these llms,0.0,0.99,remove,too quiet to transcribe; -48 dB under speech; far from own speech; inaudible
64:49.25,64:49.33,0.08,-45.9,-33.8,0.00,,these llms like,0.0,0.99,remove,too quiet to transcribe; -34 dB under speech; far from own speech; inaudible
64:49.69,64:50.55,0.86,-33.1,-21.0,0.04,,llms like the structure is definitely there you can,0.0,0.97,remove,too quiet to transcribe; -21 dB under speech; far from own speech
64:51.26,64:51.59,0.33,-42.0,-29.8,0.05,,ask them questions every,0.0,0.99,remove,too quiet to transcribe; -30 dB under speech; far from own speech; inaudible
64:51.78,64:51.87,0.09,-63.5,-51.4,0.00,,every which way,0.0,0.99,remove,too quiet to transcribe; -51 dB under speech; far from own speech; inaudible
64:52.01,64:52.65,0.64,-32.9,-20.8,0.02,,every which way and while,0.0,0.97,remove,too quiet to transcribe; -21 dB under speech; far from own speech
64:52.78,64:53.03,0.25,-29.3,-17.2,0.03,,and while like,0.0,0.97,remove,no words; -17 dB under speech; far from own speech
64:53.16,64:53.60,0.44,-42.1,-30.0,0.02,,while like i said not a hundred,0.0,0.97,remove,too quiet to transcribe; -30 dB under speech; far from own speech; inaudible
64:53.73,64:54.32,0.59,-47.6,-35.4,0.05,,i said not a hundred percent but they clearly,0.0,0.97,remove,too quiet to transcribe; -35 dB under speech; far from own speech; inaudible
64:54.49,64:54.56,0.07,-36.3,-24.2,0.00,,but they clearly,0.0,0.99,remove,too quiet to transcribe; -24 dB under speech; far from own speech
64:54.94,64:55.81,0.87,-35.2,-23.1,0.08,,clearly are like yep i would trade this,0.0,0.97,remove,too quiet to transcribe; -23 dB under speech; far from own speech
64:56.60,64:57.21,0.61,-31.4,-19.3,0.02,,for this and they don't contradict,0.0,0.97,remove,no words; -19 dB under speech; far from own speech
64:57.48,64:57.80,0.32,-40.6,-28.5,0.05,,don't contradict themselves,0.0,0.99,remove,too quiet to transcribe; -28 dB under speech; far from own speech; inaudible
64:58.41,64:59.89,1.48,-33.3,-21.2,0.02,,much they are pretty much human,0.0,1.0,remove,too quiet to transcribe; -21 dB under speech; gate stuck open 1s
65:00.02,65:00.46,0.44,-36.3,-24.2,0.04,,pretty much human level,0.0,0.62,review,too quiet to transcribe; -24 dB under speech; adjacent to own speech
65:00.66,65:03.36,2.70,-12.0,0.1,0.03,,level in terms of the degree to which they are selfconsistent,0.0,0.01,keep,loud but no words (laugh / non-verbal?); adjacent to own speech
65:03.57,65:04.61,1.04,-12.7,-0.6,0.05,is this on,are selfconsistent on having preferences,0.33,0.03,keep,partly echoes Liron (33%); adjacent to own speech
65:04.82,65:05.91,1.09,-32.1,-20.0,0.07,,having preferences correct,0.0,0.62,review,too quiet to transcribe; -20 dB under speech; adjacent to own speech
65:33.52,65:33.79,0.27,-40.2,-28.1,0.03,,i'll i'll explain,0.0,0.99,remove,too quiet to transcribe; -28 dB under speech; far from own speech; inaudible
65:33.90,65:34.10,0.20,-60.0,-47.8,0.04,,i'll i'll explain why the,0.0,0.99,remove,too quiet to transcribe; -48 dB under speech; far from own speech; inaudible
65:34.30,65:34.35,0.05,-47.2,-35.1,0.00,,why the result,0.0,0.99,remove,too quiet to transcribe; -35 dB under speech; far from own speech; inaudible
65:34.87,65:35.96,1.09,-34.3,-22.2,0.05,,is pretty intuitive to me because,0.0,0.97,remove,too quiet to transcribe; -22 dB under speech; far from own speech
65:36.25,65:36.26,0.01,-73.5,-61.3,0.00,,if you,0.0,0.99,remove,too quiet to transcribe; -61 dB under speech; far from own speech; inaudible
65:36.78,65:36.91,0.13,-40.3,-28.1,0.02,,you didn't have these kind,0.0,0.99,remove,too quiet to transcribe; -28 dB under speech; far from own speech; inaudible
65:37.34,65:37.41,0.07,-56.3,-44.2,0.00,,these kind of coherent preferences,0.0,0.99,remove,too quiet to transcribe; -44 dB under speech; far from own speech; inaudible
65:37.67,65:37.88,0.21,-31.1,-19.0,0.06,,coherent preferences emerging,0.0,0.99,remove,no words; -19 dB under speech; far from own speech
65:38.00,65:38.14,0.14,-50.6,-38.5,0.07,,preferences emerging,0.0,0.99,remove,too quiet to transcribe; -38 dB under speech; far from own speech; inaudible
65:38.51,65:38.76,0.25,-34.2,-22.1,0.04,,you could have simple,0.0,0.99,remove,too quiet to transcribe; -22 dB under speech; far from own speech
65:38.87,65:38.89,0.02,-70.8,-58.7,0.00,,you could have simple,0.0,0.99,remove,too quiet to transcribe; -59 dB under speech; far from own speech; inaudible
65:39.06,65:39.26,0.20,-41.4,-29.3,0.03,,have simple failure modes,0.0,0.99,remove,too quiet to transcribe; -29 dB under speech; far from own speech; inaudible
66:09.60,66:09.76,0.16,-65.0,-52.8,0.06,,questions from different angles,0.0,0.97,remove,too quiet to transcribe; -53 dB under speech; adjacent to own speech; inaudible
66:09.87,66:12.05,2.18,-9.0,3.1,0.06,yeah it is quite interesting i mean,from different angles,0.0,0.0,keep,real speech: yeah it is quite interesting i mean
68:28.24,68:29.78,1.54,-13.7,-1.5,0.11,yeah wait that's a different bit,well here's a question to help me understand,0.17,0.01,keep,ncc 0.11; real speech: yeah wait that's a different bit
68:30.21,68:33.87,3.66,-7.6,4.5,0.06,hey just sorry sorry j just to jump in liran um maybe you wanna,lelet's say we accept that these yeah,0.0,0.0,keep,real speech: hey just sorry sorry j just to jump in liran um maybe you wanna; adjacent to own speech
68:43.83,68:44.21,0.38,-9.3,2.9,0.09,yeah yeah,maybe let me ask one followup,0.0,0.03,keep,far from own speech; backchannel: yeah yeah
68:45.43,68:46.16,0.73,-7.6,4.5,0.08,yeah sure sure sure,get into the diagrams okay,0.0,0.01,keep,far from own speech; backchannel: yeah sure sure sure
70:03.05,70:06.93,3.88,-8.4,3.7,0.05,yeah and so then some people define you know wellbeing of,be like our our test example,0.0,0.0,keep,real speech: yeah and so then some people define you know wellbeing of; adjacent to own speech
71:06.45,71:06.54,0.09,-52.4,-40.3,0.00,,yeah,0.0,0.97,remove,too quiet to transcribe; -40 dB under speech; adjacent to own speech; inaudible
71:08.22,71:08.46,0.24,-40.6,-28.5,0.06,,like iin terms of,0.0,0.99,remove,too quiet to transcribe; -28 dB under speech; far from own speech; inaudible
71:08.69,71:08.73,0.04,-66.0,-53.9,0.00,,iin terms of,0.0,0.99,remove,too quiet to transcribe; -54 dB under speech; far from own speech; inaudible
71:09.02,71:09.05,0.03,-60.2,-48.1,0.00,,what's,0.0,0.99,remove,too quiet to transcribe; -48 dB under speech; far from own speech; inaudible
71:09.55,71:09.85,0.30,-47.1,-35.0,0.05,,the empirical,0.0,0.99,remove,too quiet to transcribe; -35 dB under speech; far from own speech; inaudible
71:10.29,71:10.39,0.10,-55.0,-42.9,0.08,,observation,0.0,0.99,remove,too quiet to transcribe; -43 dB under speech; far from own speech; inaudible
71:10.54,71:10.97,0.43,-42.3,-30.2,0.04,,observation here,0.0,0.97,remove,too quiet to transcribe; -30 dB under speech; far from own speech; inaudible
71:11.15,71:11.17,0.02,-65.6,-53.4,0.00,,here like,0.0,0.99,remove,too quiet to transcribe; -53 dB under speech; far from own speech; inaudible
71:17.77,71:17.80,0.03,-64.1,-51.9,0.00,,observation are you basing,0.0,0.97,remove,too quiet to transcribe; -52 dB under speech; adjacent to own speech; inaudible
71:18.02,71:19.43,1.41,-8.6,3.5,0.05,yeah we actually have like,are you basing wellbeing on,0.0,0.0,keep,real speech: yeah we actually have like; adjacent to own speech
72:00.18,72:01.20,1.02,-10.0,2.2,0.00,and say multiturn posts,,0.0,0.0,keep,real speech: and say multiturn posts
73:01.45,73:01.86,0.41,-24.9,-12.8,0.20,hmm,are you happy,0.0,0.62,review,waveform=Liron ncc 0.20; -13 dB under speech; far from own speech; backchannel: hmm
73:09.16,73:09.41,0.25,-55.0,-42.8,0.03,,watch out for,0.0,0.99,remove,too quiet to transcribe; -43 dB under speech; far from own speech; inaudible
73:09.96,73:10.07,0.11,-69.8,-57.7,0.10,,incentives,0.0,1.0,remove,ncc 0.10; too quiet to transcribe; -58 dB under speech; far from own speech; inaudible
73:11.60,73:11.75,0.15,-65.8,-53.7,0.02,,or maybe,0.0,0.99,remove,too quiet to transcribe; -54 dB under speech; far from own speech; inaudible
73:12.23,73:12.33,0.10,-74.4,-62.3,0.05,,maybe they were conditioned,0.0,0.99,remove,too quiet to transcribe; -62 dB under speech; far from own speech; inaudible
73:13.22,73:13.31,0.09,-59.6,-47.5,0.00,,to just say that,0.0,0.99,remove,too quiet to transcribe; -47 dB under speech; far from own speech; inaudible
73:13.60,73:14.00,0.40,-59.1,-47.0,0.04,,say that and then it's,0.0,0.99,remove,too quiet to transcribe; -47 dB under speech; far from own speech; inaudible
73:30.24,73:32.51,2.27,-9.6,2.5,0.04,yeah we can try to test various,that they're consistent about what they're saying,0.0,0.0,keep,real speech: yeah we can try to test various; adjacent to own speech
74:06.39,74:06.62,0.23,-59.3,-47.2,0.03,,wanted to deceive you,0.0,0.99,remove,too quiet to transcribe; -47 dB under speech; far from own speech; inaudible
74:07.11,74:07.21,0.10,-53.9,-41.8,0.06,,you,0.0,0.99,remove,too quiet to transcribe; -42 dB under speech; far from own speech; inaudible
74:07.38,74:07.92,0.54,-46.4,-34.3,0.03,,it would have,0.0,0.97,remove,too quiet to transcribe; -34 dB under speech; far from own speech; inaudible
74:08.03,74:08.31,0.28,-35.5,-23.4,0.05,,would have to do because,0.0,0.99,remove,too quiet to transcribe; -23 dB under speech; far from own speech
74:08.47,74:08.51,0.04,-73.5,-61.4,0.00,,to do because you,0.0,0.99,remove,too quiet to transcribe; -61 dB under speech; far from own speech; inaudible
74:08.94,74:09.12,0.18,-49.8,-37.7,0.09,,you can keep resetting,0.0,0.99,remove,too quiet to transcribe; -38 dB under speech; far from own speech; inaudible
74:09.24,74:09.86,0.62,-44.0,-31.9,0.03,,can keep resetting it right you can clear,0.0,0.97,remove,too quiet to transcribe; -32 dB under speech; far from own speech; inaudible
74:09.98,74:10.20,0.22,-32.1,-20.0,0.07,,it right you can clear its context,0.0,0.99,remove,too quiet to transcribe; -20 dB under speech; far from own speech
74:11.31,74:11.80,0.49,-35.6,-23.4,0.03,,so it can't really remember,0.0,0.97,remove,too quiet to transcribe; -23 dB under speech; far from own speech
74:11.92,74:12.26,0.34,-31.7,-19.6,0.03,,can't really remember how it's deceiving,0.0,0.99,remove,no words; -20 dB under speech; far from own speech
74:28.40,74:28.61,0.21,-43.0,-30.8,0.02,,right that even if you clear the,0.0,0.99,remove,too quiet to transcribe; -31 dB under speech; far from own speech; inaudible
74:28.88,74:28.99,0.11,-41.1,-29.0,0.02,,you clear the context window,0.0,0.99,remove,too quiet to transcribe; -29 dB under speech; far from own speech; inaudible
74:29.10,74:29.23,0.13,-57.5,-45.4,0.03,,the context window it,0.0,0.99,remove,too quiet to transcribe; -45 dB under speech; far from own speech; inaudible
74:29.97,74:30.02,0.05,-60.8,-48.6,0.00,,just remembers oh yeah,0.0,0.99,remove,too quiet to transcribe; -49 dB under speech; far from own speech; inaudible
74:30.33,74:30.38,0.05,-42.1,-30.0,0.00,,oh yeah,0.0,0.99,remove,too quiet to transcribe; -30 dB under speech; far from own speech; inaudible
74:30.85,74:30.94,0.09,-47.7,-35.5,0.00,,i have like,0.0,0.99,remove,too quiet to transcribe; -36 dB under speech; far from own speech; inaudible
74:31.08,74:31.14,0.06,-58.4,-46.3,0.00,,i have like an entire,0.0,0.99,remove,too quiet to transcribe; -46 dB under speech; far from own speech; inaudible
74:31.85,74:31.89,0.04,-60.9,-48.8,0.00,,fake,0.0,0.99,remove,too quiet to transcribe; -49 dB under speech; far from own speech; inaudible
74:32.05,74:32.46,0.41,-33.5,-21.4,0.07,,fake morality that,0.0,0.97,remove,too quiet to transcribe; -21 dB under speech; far from own speech
74:32.68,74:33.05,0.37,-29.9,-17.8,0.02,,that i always,0.0,0.97,remove,no words; -18 dB under speech; far from own speech
74:33.21,74:33.67,0.46,-28.2,-16.1,0.01,,i always stick to and i'm always,0.0,0.92,remove,no words; -16 dB under speech; far from own speech
74:33.87,74:34.71,0.84,-39.1,-26.9,0.01,,to and i'm always selfconsistent about,0.0,0.97,remove,too quiet to transcribe; -27 dB under speech; far from own speech
74:34.91,74:34.97,0.06,-46.4,-34.3,0.00,,about,0.0,0.99,remove,too quiet to transcribe; -34 dB under speech; far from own speech; inaudible
74:35.18,74:35.33,0.15,-59.1,-46.9,0.05,,uh which,0.0,0.99,remove,too quiet to transcribe; -47 dB under speech; far from own speech; inaudible
74:35.64,74:35.72,0.08,-63.9,-51.8,0.00,,uh which is pretty,0.0,0.99,remove,too quiet to transcribe; -52 dB under speech; far from own speech; inaudible
74:35.87,74:36.13,0.26,-51.3,-39.1,0.11,,which is pretty tough,0.0,1.0,remove,ncc 0.11; too quiet to transcribe; -39 dB under speech; far from own speech; inaudible
74:36.32,74:36.75,0.43,-39.6,-27.5,0.04,,tough right which then,0.0,0.97,remove,too quiet to transcribe; -27 dB under speech; far from own speech
74:37.65,74:37.92,0.27,-35.0,-22.9,0.04,,updates us to be like hey,0.0,0.99,remove,too quiet to transcribe; -23 dB under speech; far from own speech
74:38.03,74:38.13,0.10,-49.0,-36.9,0.05,,us to be like hey it probably,0.0,0.99,remove,too quiet to transcribe; -37 dB under speech; far from own speech; inaudible
74:38.25,74:38.82,0.57,-30.4,-18.2,0.01,,be like hey it probably can't,0.0,0.97,remove,no words; -18 dB under speech; far from own speech
74:38.99,74:39.14,0.15,-34.8,-22.7,0.03,,can't pull this,0.0,0.99,remove,too quiet to transcribe; -23 dB under speech; far from own speech
74:39.85,74:39.91,0.06,-68.1,-56.0,0.00,,off,0.0,0.99,remove,too quiet to transcribe; -56 dB under speech; far from own speech; inaudible
74:40.24,74:40.53,0.29,-43.0,-30.9,0.02,,so,0.0,0.99,remove,too quiet to transcribe; -31 dB under speech; far from own speech; inaudible
74:41.39,74:41.49,0.10,-44.9,-32.7,0.03,,we probably can,0.0,0.99,remove,too quiet to transcribe; -33 dB under speech; far from own speech; inaudible
74:42.04,74:42.34,0.30,-42.6,-30.4,0.03,,can catch it out in a lie,0.0,0.97,remove,too quiet to transcribe; -30 dB under speech; inaudible
74:43.05,74:43.06,0.01,-76.8,-64.6,0.00,,we can probably trust,0.0,0.97,remove,too quiet to transcribe; -65 dB under speech; adjacent to own speech; inaudible
76:08.31,76:08.44,0.13,-54.6,-42.4,0.04,,the question of are ais,0.0,0.97,remove,too quiet to transcribe; -42 dB under speech; adjacent to own speech; inaudible
76:08.66,76:10.01,1.35,-10.0,2.1,0.06,that's right i think that,are ais conscious correct,0.0,0.0,keep,real speech: that's right i think that
76:37.06,76:37.91,0.85,-15.4,-3.3,0.05,yeah um,diagrams,0.0,0.0,keep,backchannel: yeah um
77:34.18,77:37.36,3.18,-8.7,3.5,0.07,yeah this is in some sense you know a very kind of,yeah yeah all right go for it,0.08,0.0,keep,real speech: yeah this is in some sense you know a very kind of
79:08.74,79:08.84,0.10,-54.0,-41.9,0.08,,and we can reset its context,0.0,0.99,remove,too quiet to transcribe; -42 dB under speech; far from own speech; inaudible
79:09.16,79:09.22,0.06,-61.0,-48.9,0.00,,its context window,0.0,0.99,remove,too quiet to transcribe; -49 dB under speech; far from own speech; inaudible
79:09.45,79:10.57,1.12,-32.0,-19.8,0.08,,context window to check if it's trying to deceive,0.0,0.97,remove,no words; -20 dB under speech; far from own speech
79:10.86,79:10.92,0.06,-66.4,-54.3,0.00,,to deceive us,0.0,0.99,remove,too quiet to transcribe; -54 dB under speech; far from own speech; inaudible
79:11.06,79:11.09,0.03,-65.7,-53.6,0.00,,deceive us,0.0,0.99,remove,too quiet to transcribe; -54 dB under speech; far from own speech; inaudible
79:11.30,79:11.41,0.11,-44.6,-32.5,0.04,,us,0.0,0.99,remove,too quiet to transcribe; -32 dB under speech; far from own speech; inaudible
79:11.68,79:11.70,0.02,-52.8,-40.7,0.00,,and it'll,0.0,0.99,remove,too quiet to transcribe; -41 dB under speech; far from own speech; inaudible
79:12.20,79:12.21,0.01,-61.3,-49.2,0.00,,it'll always give us,0.0,0.99,remove,too quiet to transcribe; -49 dB under speech; far from own speech; inaudible
79:12.57,79:12.63,0.06,-47.4,-35.3,0.00,,give us like a coherent,0.0,0.99,remove,too quiet to transcribe; -35 dB under speech; far from own speech; inaudible
79:12.77,79:12.91,0.14,-48.3,-36.1,0.03,,give us like a coherent,0.0,0.99,remove,too quiet to transcribe; -36 dB under speech; far from own speech; inaudible
79:13.05,79:13.12,0.07,-52.5,-40.4,0.00,,a coherent picture,0.0,0.99,remove,too quiet to transcribe; -40 dB under speech; far from own speech; inaudible
79:13.63,79:13.73,0.10,-51.6,-39.5,0.08,,picture like we,0.0,0.99,remove,too quiet to transcribe; -39 dB under speech; far from own speech; inaudible
79:14.37,79:14.56,0.19,-43.5,-31.3,0.15,,can't trap it in its,0.0,1.0,remove,ncc 0.15; too quiet to transcribe; -31 dB under speech; far from own speech; inaudible
81:55.08,81:56.74,1.66,-9.2,3.0,0.05,yeah there's some um,eh i just feel neutral about this,0.0,0.0,keep,real speech: yeah there's some um
82:24.44,82:25.20,0.76,-11.9,0.2,0.06,settlements,yep uh all right so,0.0,0.02,keep,words: settlements
82:25.87,82:25.91,0.04,-81.2,-69.1,0.00,,let me fit this,0.0,0.99,remove,too quiet to transcribe; -69 dB under speech; far from own speech; inaudible
82:26.26,82:26.50,0.24,-13.5,-1.4,0.10,yeah,fit this into my mental,0.0,0.03,keep,far from own speech; backchannel: yeah
82:27.15,82:27.21,0.06,-81.7,-69.6,0.00,,model okay,0.0,0.99,remove,too quiet to transcribe; -70 dB under speech; far from own speech; inaudible
82:27.39,82:27.40,0.01,-84.2,-72.0,0.00,,okay,0.0,0.99,remove,too quiet to transcribe; -72 dB under speech; far from own speech; inaudible
82:27.58,82:27.70,0.12,-82.5,-70.4,0.07,,or or,0.0,0.97,remove,too quiet to transcribe; -70 dB under speech; inaudible
82:28.05,82:28.81,0.76,-8.6,3.5,0.09,oh no um,or or were you saying something,0.0,0.0,keep,backchannel: oh no um; adjacent to own speech
82:36.33,82:36.59,0.26,-15.8,-3.6,0.05,mmhmm,of of what's,0.0,0.03,keep,far from own speech; backchannel: mmhmm
82:39.40,82:39.67,0.27,-51.7,-39.5,0.04,,right like do you wanna,0.0,0.99,remove,too quiet to transcribe; -40 dB under speech; far from own speech; inaudible
82:40.27,82:40.58,0.31,-50.0,-37.9,0.05,,uh try to explain,0.0,0.99,remove,too quiet to transcribe; -38 dB under speech; far from own speech; inaudible
82:40.69,82:40.80,0.11,-45.3,-33.2,0.04,,to explain,0.0,0.99,remove,too quiet to transcribe; -33 dB under speech; far from own speech; inaudible
82:41.36,82:41.58,0.22,-53.0,-40.8,0.06,,the,0.0,0.99,remove,too quiet to transcribe; -41 dB under speech; far from own speech; inaudible
82:42.54,82:43.18,0.64,-39.4,-27.3,0.06,,reasons why your diagram,0.0,0.97,remove,too quiet to transcribe; -27 dB under speech; far from own speech
82:43.98,82:44.19,0.21,-45.2,-33.1,0.04,,looks like this or,0.0,0.99,remove,too quiet to transcribe; -33 dB under speech; far from own speech; inaudible
82:44.53,82:44.54,0.01,-73.0,-60.9,0.00,,or are,0.0,0.99,remove,too quiet to transcribe; -61 dB under speech; far from own speech; inaudible
82:44.72,82:44.86,0.14,-50.7,-38.6,0.06,,or are you purposely,0.0,0.97,remove,too quiet to transcribe; -39 dB under speech; inaudible
82:45.12,82:45.14,0.02,-65.6,-53.5,0.00,,are you purposely trying,0.0,0.97,remove,too quiet to transcribe; -53 dB under speech; inaudible
82:45.72,82:45.78,0.06,-60.0,-47.9,0.00,,trying to,0.0,0.97,remove,too quiet to transcribe; -48 dB under speech; inaudible
82:45.95,82:45.97,0.02,-62.8,-50.7,0.00,,to stay,0.0,0.97,remove,too quiet to transcribe; -51 dB under speech; inaudible
82:46.11,82:46.21,0.10,-64.1,-52.0,0.09,,to stay,0.0,0.97,remove,too quiet to transcribe; -52 dB under speech; adjacent to own speech; inaudible
83:51.34,83:53.73,2.39,-5.9,6.2,0.06,yeah or i guess in this case um,by like it's been rl'd,0.0,0.0,keep,real speech: yeah or i guess in this case um; adjacent to own speech
84:24.35,84:24.42,0.07,-77.7,-65.6,0.00,,on this task,0.0,0.99,remove,too quiet to transcribe; -66 dB under speech; far from own speech; inaudible
84:24.66,84:26.00,1.34,-40.9,-28.8,0.02,,task of what would a human,0.0,1.0,remove,too quiet to transcribe; -29 dB under speech; far from own speech; gate stuck open 1s; inaudible
84:26.12,84:26.88,0.76,-25.0,-12.9,0.09,yes,would a human in this forum say,0.0,0.08,keep,-13 dB under speech; far from own speech; backchannel: yes
84:26.99,84:30.48,3.49,-40.3,-28.2,0.02,,forum say right because it's got millions or billions of data points being like yeah when,0.0,1.0,remove,too quiet to transcribe; -28 dB under speech; far from own speech; gate stuck open 3s; inaudible
84:30.81,84:31.11,0.30,-79.9,-67.8,0.04,,yeah when a human is on,0.0,0.99,remove,too quiet to transcribe; -68 dB under speech; far from own speech; inaudible
84:31.28,84:31.52,0.24,-57.8,-45.6,0.06,,human is on this forum,0.0,0.99,remove,too quiet to transcribe; -46 dB under speech; far from own speech; inaudible
84:31.64,84:31.65,0.01,-82.6,-70.5,0.00,,on this forum,0.0,0.99,remove,too quiet to transcribe; -70 dB under speech; far from own speech; inaudible
84:32.05,84:32.15,0.10,-77.0,-64.9,0.05,,forum and,0.0,0.99,remove,too quiet to transcribe; -65 dB under speech; far from own speech; inaudible
84:32.54,84:32.63,0.09,-75.1,-63.0,0.00,,and the subject,0.0,0.99,remove,too quiet to transcribe; -63 dB under speech; far from own speech; inaudible
84:32.78,84:33.11,0.33,-65.3,-53.2,0.08,,the subject of the forum,0.0,0.99,remove,too quiet to transcribe; -53 dB under speech; far from own speech; inaudible
84:33.24,84:33.34,0.10,-69.7,-57.5,0.08,,of the forum,0.0,0.99,remove,too quiet to transcribe; -58 dB under speech; far from own speech; inaudible
84:33.76,84:33.82,0.06,-76.9,-64.8,0.00,,is,0.0,0.99,remove,too quiet to transcribe; -65 dB under speech; far from own speech; inaudible
84:33.98,84:34.06,0.08,-78.4,-66.3,0.00,,is,0.0,0.99,remove,too quiet to transcribe; -66 dB under speech; far from own speech; inaudible
84:34.21,84:34.30,0.09,-73.4,-61.2,0.00,,is,0.0,0.99,remove,too quiet to transcribe; -61 dB under speech; far from own speech; inaudible
84:34.42,84:34.54,0.12,-51.3,-39.2,0.00,,uh writing,0.0,0.99,remove,too quiet to transcribe; -39 dB under speech; far from own speech; inaudible
84:34.73,84:34.79,0.06,-70.7,-58.6,0.00,,uh writing,0.0,0.99,remove,too quiet to transcribe; -59 dB under speech; far from own speech; inaudible
84:35.34,84:35.35,0.01,-82.9,-70.8,0.00,,good news,0.0,0.99,remove,too quiet to transcribe; -71 dB under speech; far from own speech; inaudible
84:35.75,84:35.79,0.04,-79.1,-67.0,0.00,,news like,0.0,0.99,remove,too quiet to transcribe; -67 dB under speech; far from own speech; inaudible
84:35.90,84:36.35,0.45,-67.8,-55.7,0.04,,like writing,0.0,0.97,remove,too quiet to transcribe; -56 dB under speech; far from own speech; inaudible
84:36.59,84:36.67,0.08,-76.7,-64.5,0.00,,writing uh your example,0.0,0.99,remove,too quiet to transcribe; -65 dB under speech; far from own speech; inaudible
84:37.18,84:37.59,0.41,-69.1,-56.9,0.03,,uh your example like cancer in full,0.0,0.97,remove,too quiet to transcribe; -57 dB under speech; far from own speech; inaudible
84:37.96,84:38.35,0.39,-56.6,-44.4,0.07,,in full remission here's a,0.0,0.99,remove,too quiet to transcribe; -44 dB under speech; far from own speech; inaudible
84:38.46,84:38.68,0.22,-58.3,-46.2,0.03,,here's a forum,0.0,0.99,remove,too quiet to transcribe; -46 dB under speech; far from own speech; inaudible
84:38.89,84:38.98,0.09,-67.0,-54.9,0.00,,a forum of,0.0,0.99,remove,too quiet to transcribe; -55 dB under speech; far from own speech; inaudible
84:39.32,84:39.43,0.11,-71.2,-59.1,0.04,,of uh,0.0,0.99,remove,too quiet to transcribe; -59 dB under speech; far from own speech; inaudible
84:39.91,84:39.96,0.05,-78.3,-66.2,0.00,,uh threads here's,0.0,0.99,remove,too quiet to transcribe; -66 dB under speech; far from own speech; inaudible
84:40.43,84:40.77,0.34,-58.9,-46.8,0.03,,here's all these different threads,0.0,0.99,remove,too quiet to transcribe; -47 dB under speech; far from own speech; inaudible
84:41.01,84:41.13,0.12,-67.1,-55.0,0.05,,different threads on reddit,0.0,0.99,remove,too quiet to transcribe; -55 dB under speech; far from own speech; inaudible
84:41.25,84:41.43,0.18,-73.2,-61.0,0.04,,threads on reddit where,0.0,0.99,remove,too quiet to transcribe; -61 dB under speech; far from own speech; inaudible
84:48.36,84:48.40,0.04,-77.5,-65.4,0.00,,that calibrated,0.0,0.99,remove,too quiet to transcribe; -65 dB under speech; far from own speech; inaudible
84:48.69,84:48.90,0.21,-53.5,-41.4,0.07,,calibrated the weights,0.0,0.99,remove,too quiet to transcribe; -41 dB under speech; far from own speech; inaudible
85:02.33,85:02.39,0.06,-70.9,-58.8,0.00,,parrot answer,0.0,0.99,remove,too quiet to transcribe; -59 dB under speech; far from own speech; inaudible
85:02.52,85:02.57,0.05,-71.5,-59.4,0.00,,parrot answer,0.0,0.99,remove,too quiet to transcribe; -59 dB under speech; far from own speech; inaudible
85:14.43,85:14.86,0.43,-20.4,-8.3,0.11,i,it would probably not have,0.0,0.12,keep,ncc 0.11; -8 dB under speech; far from own speech; backchannel: i
85:14.99,85:15.08,0.09,-51.3,-39.2,0.00,,not have survived,0.0,0.99,remove,too quiet to transcribe; -39 dB under speech; far from own speech; inaudible
85:21.71,85:22.37,0.66,-21.9,-9.8,0.08,,for an ai,0.0,0.99,remove,no words; -10 dB under speech; far from own speech; gate stuck open 1s
85:26.47,85:26.52,0.05,-44.1,-32.0,0.00,,a typical human,0.0,0.97,remove,too quiet to transcribe; -32 dB under speech; inaudible
85:27.31,85:28.31,1.00,-8.3,3.8,0.06,yeah i would say so,on on a forum correct,0.0,0.0,keep,far from own speech; real speech: yeah i would say so
85:31.04,85:31.39,0.35,-50.6,-38.5,0.05,,okay,0.0,0.99,remove,too quiet to transcribe; -38 dB under speech; far from own speech; inaudible
85:31.53,85:31.73,0.20,-39.4,-27.3,0.04,,okay so,0.0,0.99,remove,too quiet to transcribe; -27 dB under speech; far from own speech
85:31.84,85:32.26,0.42,-56.4,-44.3,0.04,,okay so,0.0,0.97,remove,too quiet to transcribe; -44 dB under speech; far from own speech; inaudible
85:32.47,85:32.48,0.01,-73.0,-60.9,0.00,,it,0.0,0.99,remove,too quiet to transcribe; -61 dB under speech; far from own speech; inaudible
85:32.72,85:32.81,0.09,-54.6,-42.5,0.00,,it doesn't,0.0,0.99,remove,too quiet to transcribe; -43 dB under speech; far from own speech; inaudible
85:32.96,85:33.11,0.15,-51.9,-39.8,0.05,,it doesn't feel,0.0,0.99,remove,too quiet to transcribe; -40 dB under speech; far from own speech; inaudible
85:33.39,85:33.43,0.04,-53.2,-41.0,0.00,,feel like,0.0,0.99,remove,too quiet to transcribe; -41 dB under speech; far from own speech; inaudible
85:33.60,85:33.65,0.05,-52.5,-40.4,0.00,,feel like there's,0.0,0.99,remove,too quiet to transcribe; -40 dB under speech; far from own speech; inaudible
85:34.23,85:34.40,0.17,-40.4,-28.3,0.11,,that much,0.0,1.0,remove,ncc 0.11; too quiet to transcribe; -28 dB under speech; far from own speech; inaudible
85:34.51,85:34.73,0.22,-44.2,-32.1,0.07,,that much,0.0,0.99,remove,too quiet to transcribe; -32 dB under speech; far from own speech; inaudible
85:35.08,85:35.16,0.08,-47.5,-35.3,0.00,,new,0.0,0.99,remove,too quiet to transcribe; -35 dB under speech; far from own speech; inaudible
85:35.43,85:35.49,0.06,-58.9,-46.8,0.00,,new takeaways,0.0,0.99,remove,too quiet to transcribe; -47 dB under speech; far from own speech; inaudible
85:35.67,85:35.69,0.02,-67.3,-55.2,0.00,,takeaways,0.0,0.99,remove,too quiet to transcribe; -55 dB under speech; far from own speech; inaudible
85:35.81,85:36.22,0.41,-50.0,-37.9,0.02,,takeaways here right because if you,0.0,0.97,remove,too quiet to transcribe; -38 dB under speech; far from own speech; inaudible
85:36.35,85:36.41,0.06,-58.2,-46.0,0.00,,here right because if you already,0.0,0.99,remove,too quiet to transcribe; -46 dB under speech; far from own speech; inaudible
85:36.59,85:36.68,0.09,-48.7,-36.6,0.00,,because if you already,0.0,0.99,remove,too quiet to transcribe; -37 dB under speech; far from own speech; inaudible
85:36.79,85:37.08,0.29,-40.0,-27.9,0.03,,if you already told me,0.0,0.99,remove,too quiet to transcribe; -28 dB under speech; far from own speech; inaudible
85:37.43,85:37.57,0.14,-48.7,-36.5,0.05,,told me that,0.0,0.99,remove,too quiet to transcribe; -37 dB under speech; far from own speech; inaudible
85:37.73,85:37.83,0.10,-47.2,-35.1,0.11,,me that these,0.0,1.0,remove,ncc 0.11; too quiet to transcribe; -35 dB under speech; far from own speech; inaudible
85:37.95,85:38.08,0.13,-49.4,-37.2,0.08,,that these ais,0.0,0.99,remove,too quiet to transcribe; -37 dB under speech; far from own speech; inaudible
85:38.24,85:38.31,0.07,-40.4,-28.3,0.00,,these ais behave,0.0,0.99,remove,too quiet to transcribe; -28 dB under speech; far from own speech; inaudible
85:38.44,85:38.49,0.05,-59.3,-47.2,0.00,,ais behave,0.0,0.99,remove,too quiet to transcribe; -47 dB under speech; far from own speech; inaudible
85:38.86,85:38.91,0.05,-55.8,-43.7,0.00,,behave like,0.0,0.99,remove,too quiet to transcribe; -44 dB under speech; far from own speech; inaudible
85:39.12,85:39.21,0.09,-43.1,-31.0,0.00,,like humans,0.0,0.99,remove,too quiet to transcribe; -31 dB under speech; far from own speech; inaudible
85:39.36,85:39.46,0.10,-54.9,-42.8,0.06,,like humans in a forum,0.0,0.99,remove,too quiet to transcribe; -43 dB under speech; far from own speech; inaudible
85:39.61,85:39.66,0.05,-58.9,-46.8,0.00,,humans in a forum,0.0,0.99,remove,too quiet to transcribe; -47 dB under speech; far from own speech; inaudible
85:39.77,85:39.78,0.01,-78.6,-66.5,0.00,,in a forum,0.0,0.99,remove,too quiet to transcribe; -66 dB under speech; far from own speech; inaudible
85:40.30,85:40.35,0.05,-47.1,-34.9,0.00,,uh we,0.0,0.99,remove,too quiet to transcribe; -35 dB under speech; far from own speech; inaudible
85:41.08,85:41.14,0.06,-49.3,-37.1,0.00,,already know that humans,0.0,0.99,remove,too quiet to transcribe; -37 dB under speech; far from own speech; inaudible
85:41.43,85:42.00,0.57,-25.3,-13.2,0.01,,that humans in a forum,0.0,0.92,remove,no words; -13 dB under speech; far from own speech
85:42.12,85:42.29,0.17,-51.5,-39.4,0.15,,forum have,0.0,1.0,remove,ncc 0.15; too quiet to transcribe; -39 dB under speech; far from own speech; inaudible
85:42.48,85:42.58,0.10,-41.8,-29.7,0.12,,have selfconsistent,0.0,1.0,remove,ncc 0.12; too quiet to transcribe; -30 dB under speech; far from own speech; inaudible
85:42.70,85:42.76,0.06,-51.5,-39.4,0.00,,have selfconsistent,0.0,0.99,remove,too quiet to transcribe; -39 dB under speech; far from own speech; inaudible
85:42.95,85:43.24,0.29,-55.7,-43.5,0.06,,selfconsistent,0.0,0.99,remove,too quiet to transcribe; -44 dB under speech; far from own speech; inaudible
85:43.38,85:43.55,0.17,-41.0,-28.9,0.04,,,0.0,0.99,remove,too quiet to transcribe; -29 dB under speech; far from own speech; inaudible
85:44.21,85:44.79,0.58,-44.9,-32.8,0.03,,right you you can extrapolate,0.0,0.97,remove,too quiet to transcribe; -33 dB under speech; far from own speech; inaudible
85:44.91,85:44.95,0.04,-61.2,-49.0,0.00,,extrapolate,0.0,0.99,remove,too quiet to transcribe; -49 dB under speech; far from own speech; inaudible
86:07.36,86:07.44,0.08,-32.9,-20.8,0.00,,like obvious and expected,0.0,0.97,remove,too quiet to transcribe; -21 dB under speech
86:07.57,86:08.02,0.45,-11.5,0.6,0.13,um,obvious and expected,0.0,0.0,keep,ncc 0.13; backchannel: um; adjacent to own speech
87:55.29,87:55.39,0.10,-64.9,-52.8,0.03,,i think we're,0.0,0.99,remove,too quiet to transcribe; -53 dB under speech; far from own speech; inaudible
87:56.52,87:56.80,0.28,-72.0,-59.9,0.04,,close to like a factory,0.0,0.99,remove,too quiet to transcribe; -60 dB under speech; far from own speech; inaudible
87:57.18,87:57.33,0.15,-35.7,-23.6,0.03,,a factory farm,0.0,0.99,remove,too quiet to transcribe; -24 dB under speech; far from own speech
87:57.45,87:57.56,0.11,-43.3,-31.1,0.05,,farm of,0.0,0.99,remove,too quiet to transcribe; -31 dB under speech; far from own speech; inaudible
87:57.79,87:57.87,0.08,-46.2,-34.1,0.00,,of ai,0.0,0.99,remove,too quiet to transcribe; -34 dB under speech; far from own speech; inaudible
87:57.98,87:58.02,0.04,-50.2,-38.1,0.00,,of ai consciousness,0.0,0.99,remove,too quiet to transcribe; -38 dB under speech; far from own speech; inaudible
87:58.57,87:58.61,0.04,-57.6,-45.5,0.00,,consciousness like,0.0,0.99,remove,too quiet to transcribe; -45 dB under speech; far from own speech; inaudible
87:58.93,87:59.10,0.17,-50.6,-38.5,0.06,,like there's,0.0,0.99,remove,too quiet to transcribe; -38 dB under speech; far from own speech; inaudible
87:59.87,87:59.89,0.02,-73.6,-61.5,0.00,,chance the bit will,0.0,0.99,remove,too quiet to transcribe; -61 dB under speech; far from own speech; inaudible
88:00.16,88:00.22,0.06,-40.3,-28.1,0.00,,the bit will flip it,0.0,0.99,remove,too quiet to transcribe; -28 dB under speech; far from own speech; inaudible
88:00.71,88:00.76,0.05,-59.4,-47.3,0.00,,it may or may not,0.0,0.99,remove,too quiet to transcribe; -47 dB under speech; far from own speech; inaudible
88:01.12,88:01.15,0.03,-63.9,-51.8,0.00,,may not i don't claim,0.0,0.99,remove,too quiet to transcribe; -52 dB under speech; far from own speech; inaudible
88:01.57,88:02.54,0.97,-34.5,-22.4,0.03,,don't claim to know the answer but i think it's a very realistic,0.0,0.97,remove,too quiet to transcribe; -22 dB under speech; far from own speech
88:02.68,88:02.93,0.25,-28.7,-16.5,0.02,,it's a very realistic possibility,0.0,0.97,remove,no words; -17 dB under speech; far from own speech
88:03.13,88:03.67,0.54,-38.3,-26.2,0.13,,possibility so,0.0,0.99,remove,ncc 0.13; too quiet to transcribe; -26 dB under speech; far from own speech
88:03.99,88:04.00,0.01,-68.4,-56.2,0.00,,so we have,0.0,0.99,remove,too quiet to transcribe; -56 dB under speech; far from own speech; inaudible
88:04.52,88:04.54,0.02,-61.1,-48.9,0.00,,have to see these,0.0,0.99,remove,too quiet to transcribe; -49 dB under speech; far from own speech; inaudible
88:04.68,88:05.07,0.39,-29.4,-17.3,0.03,,to see these ais as moral,0.0,0.97,remove,no words; -17 dB under speech; far from own speech
88:05.26,88:05.38,0.12,-48.1,-36.0,0.08,,as moral patients,0.0,0.99,remove,too quiet to transcribe; -36 dB under speech; far from own speech; inaudible
88:05.70,88:05.78,0.08,-42.5,-30.4,0.00,,moral patients,0.0,0.99,remove,too quiet to transcribe; -30 dB under speech; far from own speech; inaudible
88:05.95,88:05.98,0.03,-67.8,-55.7,0.00,,patients so,0.0,0.99,remove,too quiet to transcribe; -56 dB under speech; far from own speech; inaudible
88:06.10,88:06.16,0.06,-64.4,-52.2,0.00,,so,0.0,0.99,remove,too quiet to transcribe; -52 dB under speech; far from own speech; inaudible
88:06.63,88:06.73,0.10,-31.6,-19.4,0.03,,so if research,0.0,0.99,remove,too quiet to transcribe; -19 dB under speech; far from own speech
88:06.96,88:07.01,0.05,-49.1,-37.0,0.00,,if research like,0.0,0.99,remove,too quiet to transcribe; -37 dB under speech; far from own speech; inaudible
88:07.21,88:07.26,0.05,-47.3,-35.2,0.00,,like,0.0,0.99,remove,too quiet to transcribe; -35 dB under speech; far from own speech; inaudible
88:07.76,88:07.93,0.17,-44.1,-32.0,0.07,,yours could,0.0,0.99,remove,too quiet to transcribe; -32 dB under speech; far from own speech; inaudible
88:08.07,88:08.27,0.20,-35.5,-23.4,0.05,,could definitively,0.0,0.99,remove,too quiet to transcribe; -23 dB under speech; far from own speech
88:08.69,88:09.15,0.46,-55.7,-43.6,0.04,,definitively tell us,0.0,0.97,remove,too quiet to transcribe; -44 dB under speech; far from own speech; inaudible
88:09.47,88:09.52,0.05,-56.5,-44.3,0.00,,tell us oh yeah,0.0,0.99,remove,too quiet to transcribe; -44 dB under speech; far from own speech; inaudible
88:15.91,88:16.07,0.16,-50.5,-38.3,0.10,,write your code if,0.0,1.0,remove,ncc 0.10; too quiet to transcribe; -38 dB under speech; far from own speech; inaudible
88:17.32,88:17.54,0.22,-38.4,-26.3,0.02,,oh okay you know what,0.0,0.99,remove,too quiet to transcribe; -26 dB under speech; far from own speech
88:22.95,88:23.09,0.14,-40.1,-28.0,0.06,,mind right now,0.0,0.99,remove,too quiet to transcribe; -28 dB under speech; far from own speech; inaudible
88:23.82,88:23.86,0.04,-71.2,-59.0,0.00,,but,0.0,0.99,remove,too quiet to transcribe; -59 dB under speech; far from own speech; inaudible
88:24.05,88:24.32,0.27,-41.3,-29.1,0.01,,but so here's,0.0,0.99,remove,too quiet to transcribe; -29 dB under speech; far from own speech; inaudible
88:24.46,88:24.53,0.07,-53.3,-41.2,0.00,,so here's my question,0.0,0.99,remove,too quiet to transcribe; -41 dB under speech; far from own speech; inaudible
88:26.04,88:26.30,0.26,-36.2,-24.0,0.03,,if i told you right now,0.0,0.99,remove,too quiet to transcribe; -24 dB under speech; far from own speech
88:26.43,88:26.88,0.45,-32.5,-20.4,0.02,,told you right now there is real,0.0,0.97,remove,too quiet to transcribe; -20 dB under speech; far from own speech
88:26.99,88:27.41,0.42,-54.7,-42.5,0.05,,there is real sentience,0.0,0.97,remove,too quiet to transcribe; -43 dB under speech; far from own speech; inaudible
88:27.54,88:27.90,0.36,-33.5,-21.4,0.02,,real sentience there's a,0.0,0.99,remove,too quiet to transcribe; -21 dB under speech; far from own speech
88:28.23,88:28.63,0.40,-33.4,-21.2,0.04,,there's a real consciousness,0.0,0.99,remove,too quiet to transcribe; -21 dB under speech; far from own speech
88:28.81,88:28.82,0.01,-72.7,-60.5,0.00,,consciousness in,0.0,0.99,remove,too quiet to transcribe; -61 dB under speech; far from own speech; inaudible
88:29.86,88:30.21,0.35,-38.6,-26.4,0.26,,there's somebody who,0.0,1.0,remove,waveform=Liron ncc 0.26; too quiet to transcribe; -26 dB under speech; far from own speech
88:31.24,88:31.43,0.19,-54.8,-42.6,0.10,,is feeling the,0.0,0.99,remove,too quiet to transcribe; -43 dB under speech; far from own speech; inaudible
88:32.94,88:33.45,0.51,-28.4,-16.3,0.04,mmhmm,pleasure or the qualia of,0.0,0.08,keep,-16 dB under speech; far from own speech; backchannel: mmhmm
88:34.13,88:34.46,0.33,-57.2,-45.1,0.07,,of pain,0.0,0.99,remove,too quiet to transcribe; -45 dB under speech; far from own speech; inaudible
88:34.68,88:34.69,0.01,-62.1,-50.0,0.00,,what,0.0,0.99,remove,too quiet to transcribe; -50 dB under speech; far from own speech; inaudible
88:45.29,88:48.98,3.69,-8.9,3.2,0.06,oh i guess if we're taking a hypothetical um that we knew for sure,fact that it's happening in today's system,0.07,0.0,keep,far from own speech; real speech: oh i guess if we're taking a hypothetical um that we knew for sure
89:31.78,89:32.60,0.82,-5.7,6.4,0.07,,for you you know you've analyzed its outputs,0.0,0.18,keep,loud but no words (laugh / non-verbal?); far from own speech
89:33.86,89:34.11,0.25,-14.1,-1.9,0.08,,right like the the coherence,0.0,0.18,keep,loud but no words (laugh / non-verbal?)
89:37.05,89:37.15,0.10,-29.2,-17.1,0.09,,of outputs,0.0,0.97,remove,too quiet to transcribe; -17 dB under speech; far from own speech
89:37.78,89:38.23,0.45,-15.9,-3.8,0.08,,saying i am happy i,0.0,0.18,keep,loud but no words (laugh / non-verbal?); far from own speech
89:43.44,89:43.70,0.26,-42.8,-30.7,0.04,,outputting,0.0,0.99,remove,too quiet to transcribe; -31 dB under speech; far from own speech; inaudible
89:43.89,89:43.94,0.05,-56.8,-44.7,0.00,,is,0.0,0.99,remove,too quiet to transcribe; -45 dB under speech; far from own speech; inaudible
89:55.78,89:56.17,0.39,-7.3,4.8,0.05,mmhmm,of like are you happy,0.0,0.03,keep,far from own speech; backchannel: mmhmm
90:00.60,90:00.87,0.27,-33.4,-21.3,0.03,,i i have,0.0,0.99,remove,too quiet to transcribe; -21 dB under speech; far from own speech
90:01.10,90:01.28,0.18,-48.7,-36.6,0.10,,i have uh,0.0,1.0,remove,ncc 0.10; too quiet to transcribe; -37 dB under speech; far from own speech; inaudible
90:01.57,90:01.60,0.03,-64.3,-52.1,0.00,,uh my cancer,0.0,0.99,remove,too quiet to transcribe; -52 dB under speech; far from own speech; inaudible
90:01.72,90:01.73,0.01,-67.9,-55.8,0.00,,uh my cancer,0.0,0.99,remove,too quiet to transcribe; -56 dB under speech; far from own speech; inaudible
90:01.84,90:02.13,0.29,-40.6,-28.5,0.04,,my cancer is healing,0.0,0.99,remove,too quiet to transcribe; -29 dB under speech; far from own speech; inaudible
90:02.44,90:02.46,0.02,-66.2,-54.1,0.00,,is healing,0.0,0.99,remove,too quiet to transcribe; -54 dB under speech; far from own speech; inaudible
90:03.57,90:03.63,0.06,-59.9,-47.8,0.00,,are you happy,0.0,0.99,remove,too quiet to transcribe; -48 dB under speech; far from own speech; inaudible
90:04.44,90:04.93,0.49,-38.7,-26.6,0.03,,when,0.0,0.97,remove,too quiet to transcribe; -27 dB under speech; far from own speech
90:12.07,90:12.61,0.54,-8.3,3.8,0.10,um,manifested,0.0,0.02,keep,ncc 0.10; backchannel: um
90:33.03,90:33.54,0.51,-10.7,1.4,0.17,um,you think there's qualia there,0.0,0.08,keep,waveform=Liron ncc 0.17; backchannel: um
90:56.83,90:58.66,1.83,-8.7,3.4,0.07,collective thing that it's instantiated,right i i agree i so i completely,0.0,0.0,keep,real speech: collective thing that it's instantiated
91:09.25,91:12.11,2.86,-9.0,3.1,0.06,well i guess it depends right maybe um,doesn't have much qualia to it,0.12,0.0,keep,real speech: well i guess it depends right maybe um; adjacent to own speech
91:25.63,91:25.93,0.30,-15.1,-3.0,0.07,mmhmm,the part you know when you're looking,0.0,0.03,keep,far from own speech; backchannel: mmhmm
91:29.45,91:29.53,0.08,-62.6,-50.5,0.00,,at a a dish,0.0,0.99,remove,too quiet to transcribe; -50 dB under speech; far from own speech; inaudible
91:29.81,91:29.85,0.04,-63.3,-51.1,0.00,,a dish that you really,0.0,0.99,remove,too quiet to transcribe; -51 dB under speech; far from own speech; inaudible
91:30.34,91:30.69,0.35,-40.3,-28.2,0.03,,you really wanted you're a foodie,0.0,0.99,remove,too quiet to transcribe; -28 dB under speech; far from own speech; inaudible
91:30.80,91:31.09,0.29,-46.8,-34.6,0.04,,you're a foodie and you're looking at,0.0,0.99,remove,too quiet to transcribe; -35 dB under speech; far from own speech; inaudible
91:31.40,91:31.41,0.01,-68.9,-56.8,0.00,,and you're looking at this,0.0,0.99,remove,too quiet to transcribe; -57 dB under speech; far from own speech; inaudible
91:31.78,91:32.38,0.60,-33.3,-21.2,0.04,,at this beautiful dish by,0.0,0.97,remove,too quiet to transcribe; -21 dB under speech; far from own speech
91:32.60,91:32.90,0.30,-35.6,-23.5,0.10,,dish by like the world's,0.0,1.0,remove,ncc 0.10; too quiet to transcribe; -23 dB under speech; far from own speech
91:33.04,91:33.17,0.13,-63.2,-51.1,0.07,,like the world's best,0.0,0.99,remove,too quiet to transcribe; -51 dB under speech; far from own speech; inaudible
91:34.46,91:34.47,0.01,-68.9,-56.8,0.00,,and,0.0,0.99,remove,too quiet to transcribe; -57 dB under speech; far from own speech; inaudible
91:34.65,91:34.85,0.20,-51.7,-39.5,0.04,,and uh,0.0,0.99,remove,too quiet to transcribe; -40 dB under speech; far from own speech; inaudible
91:35.53,91:36.03,0.50,-24.2,-12.1,0.13,,and and it gives you pleasure,0.0,0.98,remove,ncc 0.13; no words; -12 dB under speech; far from own speech
91:36.14,91:36.35,0.21,-50.4,-38.3,0.03,,it gives you pleasure,0.0,0.99,remove,too quiet to transcribe; -38 dB under speech; far from own speech; inaudible
91:37.47,91:37.57,0.10,-40.3,-28.2,0.04,,think the pleasure is,0.0,0.99,remove,too quiet to transcribe; -28 dB under speech; far from own speech; inaudible
91:38.06,91:38.26,0.20,-46.2,-34.1,0.11,,is already manifesting,0.0,1.0,remove,ncc 0.11; too quiet to transcribe; -34 dB under speech; far from own speech; inaudible
91:38.50,91:38.60,0.10,-65.0,-52.9,0.07,,manifesting,0.0,0.99,remove,too quiet to transcribe; -53 dB under speech; far from own speech; inaudible
91:38.97,91:39.24,0.27,-51.4,-39.3,0.05,,even,0.0,0.99,remove,too quiet to transcribe; -39 dB under speech; far from own speech; inaudible
91:39.89,91:40.03,0.14,-46.3,-34.2,0.05,,when your eye is decoding,0.0,0.99,remove,too quiet to transcribe; -34 dB under speech; far from own speech; inaudible
91:40.44,91:40.61,0.17,-47.7,-35.6,0.04,,is decoding the,0.0,0.99,remove,too quiet to transcribe; -36 dB under speech; far from own speech; inaudible
91:40.74,91:40.82,0.08,-30.7,-18.5,0.00,,the edges,0.0,0.99,remove,too quiet to transcribe; -19 dB under speech; far from own speech
91:41.43,91:41.51,0.08,-40.2,-28.1,0.00,,of the dish,0.0,0.99,remove,too quiet to transcribe; -28 dB under speech; far from own speech; inaudible
91:41.66,91:41.78,0.12,-41.0,-28.9,0.05,,of the dish,0.0,0.99,remove,too quiet to transcribe; -29 dB under speech; far from own speech; inaudible
91:42.19,91:42.52,0.33,-29.5,-17.3,0.20,yes you can,i i mean i would tend,0.0,0.95,remove,waveform=Liron ncc 0.20; -17 dB under speech; far from own speech; words: yes you can
91:43.63,91:43.89,0.26,-40.2,-28.1,0.05,,uh right i feel,0.0,0.99,remove,too quiet to transcribe; -28 dB under speech; far from own speech; inaudible
91:44.00,91:44.31,0.31,-47.1,-35.0,0.08,,uh right i feel like the qualia,0.0,0.99,remove,too quiet to transcribe; -35 dB under speech; far from own speech; inaudible
91:44.60,91:44.69,0.09,-47.4,-35.3,0.00,,like the qualia is some,0.0,0.99,remove,too quiet to transcribe; -35 dB under speech; far from own speech; inaudible
91:44.88,91:44.90,0.02,-64.0,-51.9,0.00,,qualia is some combination,0.0,0.99,remove,too quiet to transcribe; -52 dB under speech; far from own speech; inaudible
91:45.45,91:45.50,0.05,-55.4,-43.2,0.00,,combination of,0.0,0.99,remove,too quiet to transcribe; -43 dB under speech; far from own speech; inaudible
91:45.73,91:45.77,0.04,-65.1,-53.0,0.00,,of layers,0.0,0.99,remove,too quiet to transcribe; -53 dB under speech; far from own speech; inaudible
91:57.03,91:58.87,1.84,-6.2,6.0,0.03,yeah i think that um,across the layers,0.0,0.0,keep,real speech: yeah i think that um; adjacent to own speech
92:49.73,92:49.75,0.02,-64.1,-52.0,0.00,,my interpretation of,0.0,0.99,remove,too quiet to transcribe; -52 dB under speech; far from own speech; inaudible
92:49.93,92:49.94,0.01,-60.6,-48.5,0.00,,of yudkowsky's,0.0,0.99,remove,too quiet to transcribe; -48 dB under speech; far from own speech; inaudible
92:50.06,92:50.45,0.39,-45.9,-33.8,0.11,,of yudkowsky's tweets,0.0,1.0,remove,ncc 0.11; too quiet to transcribe; -34 dB under speech; far from own speech; inaudible
92:50.63,92:50.72,0.09,-42.7,-30.6,0.00,,tweets,0.0,0.99,remove,too quiet to transcribe; -31 dB under speech; far from own speech; inaudible
92:53.55,92:54.30,0.75,-7.5,4.6,0.05,,think are uh me being smart,0.0,0.18,keep,loud but no words (laugh / non-verbal?); far from own speech
93:00.18,93:00.24,0.06,-63.7,-51.6,0.00,,actual qualia,0.0,0.99,remove,too quiet to transcribe; -52 dB under speech; far from own speech; inaudible
93:00.54,93:00.57,0.03,-58.8,-46.7,0.00,,qualia,0.0,0.99,remove,too quiet to transcribe; -47 dB under speech; far from own speech; inaudible
93:00.80,93:01.09,0.29,-44.4,-32.3,0.05,,not,0.0,0.99,remove,too quiet to transcribe; -32 dB under speech; far from own speech; inaudible
93:01.21,93:01.43,0.22,-55.0,-42.9,0.06,,not in,0.0,0.99,remove,too quiet to transcribe; -43 dB under speech; far from own speech; inaudible
93:01.57,93:01.73,0.16,-62.8,-50.6,0.09,,not in the process,0.0,0.99,remove,too quiet to transcribe; -51 dB under speech; far from own speech; inaudible
93:01.85,93:02.03,0.18,-46.4,-34.3,0.05,,in the process that,0.0,0.99,remove,too quiet to transcribe; -34 dB under speech; far from own speech; inaudible
93:02.17,93:02.57,0.40,-41.3,-29.2,0.04,,the process that makes it,0.0,0.99,remove,too quiet to transcribe; -29 dB under speech; far from own speech; inaudible
93:02.99,93:03.23,0.24,-36.5,-24.4,0.04,,it output words,0.0,0.99,remove,too quiet to transcribe; -24 dB under speech; far from own speech
93:03.37,93:03.58,0.21,-37.1,-25.0,0.06,,words like,0.0,0.99,remove,too quiet to transcribe; -25 dB under speech; far from own speech
93:03.86,93:03.96,0.10,-37.9,-25.7,0.05,,like happy,0.0,0.99,remove,too quiet to transcribe; -26 dB under speech; far from own speech
93:04.24,93:04.60,0.36,-33.4,-21.2,0.07,,happy because there,0.0,0.99,remove,too quiet to transcribe; -21 dB under speech; far from own speech
93:04.87,93:05.11,0.24,-46.7,-34.5,0.06,,there is actually,0.0,0.99,remove,too quiet to transcribe; -35 dB under speech; far from own speech; inaudible
93:05.22,93:05.27,0.05,-48.5,-36.4,0.00,,there is actually,0.0,0.99,remove,too quiet to transcribe; -36 dB under speech; far from own speech; inaudible
93:05.47,93:05.65,0.18,-45.1,-33.0,0.05,,is actually a disanalogy,0.0,0.99,remove,too quiet to transcribe; -33 dB under speech; far from own speech; inaudible
93:05.78,93:05.92,0.14,-51.6,-39.5,0.04,,a disanalogy,0.0,0.99,remove,too quiet to transcribe; -39 dB under speech; far from own speech; inaudible
93:06.11,93:06.27,0.16,-46.1,-34.0,0.03,,,0.0,0.99,remove,too quiet to transcribe; -34 dB under speech; far from own speech; inaudible
93:06.78,93:06.97,0.19,-62.9,-50.7,0.09,,between,0.0,0.99,remove,too quiet to transcribe; -51 dB under speech; far from own speech; inaudible
93:07.51,93:07.95,0.44,-42.0,-29.9,0.04,,where ai,0.0,0.97,remove,too quiet to transcribe; -30 dB under speech; far from own speech; inaudible
93:08.50,94:07.02,58.52,-19.8,-7.7,0.01,,happiness comes from and where human happiness comes from human happiness came when evolution trade our br trained our brain to give us dopamine right gigive us certain physical mechanisms like the physical mechanisms of reward those correlated to certain local signs that our fitness is increasing right it's like oh great you have access to food great or like oh tomorrow's gonna go really well for you so you should feel excited and you should seek more of this kind of excitement so that was the nature of the reinforcement loop in evolution in the case of ai training the way the ai quoteunquote feels the way that it gets quoteunquote reward signals in its uh original training in the pretraining that doesn't correspond to whether things help its survival right it do it doesn't correspond to whether things are are beautiful or even pleasurable for it it just corresponds to accuracy and there's not a qualitative difference it's qualitatively the same to be like aha in training you were accurate in predicting that the reddit user would say 'i hate my life' or in training you were accurate that the reddit user was going to say 'i love,0.0,0.99,remove,no words; -8 dB under speech; far from own speech; gate stuck open 59s
94:12.23,94:12.41,0.18,-45.8,-33.6,0.06,,is identical,0.0,0.99,remove,too quiet to transcribe; -34 dB under speech; far from own speech; inaudible
94:12.67,94:12.85,0.18,-42.5,-30.4,0.03,,right so,0.0,0.99,remove,too quiet to transcribe; -30 dB under speech; far from own speech; inaudible
94:13.47,94:13.89,0.42,-39.5,-27.4,0.04,,so that's a disanalogy whereas,0.0,0.97,remove,too quiet to transcribe; -27 dB under speech; far from own speech
94:14.25,94:14.89,0.64,-34.9,-22.7,0.09,,whereas if you're an organism,0.0,0.97,remove,too quiet to transcribe; -23 dB under speech; far from own speech
94:15.14,94:15.16,0.02,-69.2,-57.0,0.00,,organism,0.0,0.99,remove,too quiet to transcribe; -57 dB under speech; far from own speech; inaudible
94:15.65,94:15.68,0.03,-61.5,-49.3,0.00,,when somebody,0.0,0.99,remove,too quiet to transcribe; -49 dB under speech; far from own speech; inaudible
94:15.82,94:15.85,0.03,-59.7,-47.6,0.00,,when somebody stabs,0.0,0.99,remove,too quiet to transcribe; -48 dB under speech; far from own speech; inaudible
94:15.96,94:16.08,0.12,-41.0,-28.9,0.06,,somebody stabs,0.0,0.99,remove,too quiet to transcribe; -29 dB under speech; far from own speech; inaudible
94:16.22,94:16.26,0.04,-68.3,-56.1,0.00,,stabs you,0.0,0.99,remove,too quiet to transcribe; -56 dB under speech; far from own speech; inaudible
94:16.37,94:16.43,0.06,-56.4,-44.2,0.00,,stabs you compared,0.0,0.99,remove,too quiet to transcribe; -44 dB under speech; far from own speech; inaudible
94:17.31,94:17.65,0.34,-46.3,-34.2,0.10,,to somebody giving you a,0.0,1.0,remove,ncc 0.10; too quiet to transcribe; -34 dB under speech; far from own speech; inaudible
94:17.87,94:17.88,0.01,-65.2,-53.1,0.00,,giving you a pineapple,0.0,0.99,remove,too quiet to transcribe; -53 dB under speech; far from own speech; inaudible
94:18.03,94:18.17,0.14,-48.4,-36.3,0.05,,you a pineapple,0.0,0.99,remove,too quiet to transcribe; -36 dB under speech; far from own speech; inaudible
94:18.40,94:18.41,0.01,-63.1,-51.0,0.00,,,0.0,0.99,remove,too quiet to transcribe; -51 dB under speech; far from own speech; inaudible
94:18.59,94:18.64,0.05,-72.2,-60.1,0.00,,right,0.0,0.99,remove,too quiet to transcribe; -60 dB under speech; far from own speech; inaudible
94:18.80,94:19.01,0.21,-56.5,-44.4,0.05,,right that's,0.0,0.99,remove,too quiet to transcribe; -44 dB under speech; far from own speech; inaudible
94:19.41,94:19.65,0.24,-37.1,-25.0,0.04,,that's the quality,0.0,0.99,remove,too quiet to transcribe; -25 dB under speech; far from own speech
94:19.84,94:19.92,0.08,-55.2,-43.1,0.00,,the quality,0.0,0.99,remove,too quiet to transcribe; -43 dB under speech; far from own speech; inaudible
94:20.14,94:20.21,0.07,-56.6,-44.5,0.00,,quality there,0.0,0.99,remove,too quiet to transcribe; -44 dB under speech; far from own speech; inaudible
94:20.38,94:20.43,0.05,-62.0,-49.8,0.00,,there actually,0.0,0.99,remove,too quiet to transcribe; -50 dB under speech; far from own speech; inaudible
94:20.71,94:20.90,0.19,-30.8,-18.7,0.08,,there actually is a qualitative,0.0,0.99,remove,no words; -19 dB under speech; far from own speech
94:21.37,94:21.48,0.11,-37.8,-25.7,0.03,,qualitative difference,0.0,0.99,remove,too quiet to transcribe; -26 dB under speech; far from own speech
94:22.16,94:22.29,0.13,-42.6,-30.5,0.03,,in the kind of,0.0,0.99,remove,too quiet to transcribe; -30 dB under speech; far from own speech; inaudible
94:22.43,94:22.62,0.19,-55.9,-43.8,0.05,,in the kind of signal you're,0.0,0.99,remove,too quiet to transcribe; -44 dB under speech; far from own speech; inaudible
94:22.94,94:23.05,0.11,-40.3,-28.2,0.03,,of signal you're getting,0.0,0.99,remove,too quiet to transcribe; -28 dB under speech; far from own speech; inaudible
94:23.16,94:23.28,0.12,-26.1,-14.0,0.01,,you're getting from,0.0,0.97,remove,too quiet to transcribe; -14 dB under speech; far from own speech
94:24.30,94:24.42,0.12,-42.7,-30.6,0.04,,so,0.0,0.99,remove,too quiet to transcribe; -31 dB under speech; far from own speech; inaudible
94:24.76,94:25.02,0.26,-50.3,-38.2,0.08,,so i actually think,0.0,0.99,remove,too quiet to transcribe; -38 dB under speech; far from own speech; inaudible
94:25.15,94:25.34,0.19,-64.0,-51.9,0.08,,i actually think that we,0.0,0.99,remove,too quiet to transcribe; -52 dB under speech; far from own speech; inaudible
94:25.50,94:25.71,0.21,-42.9,-30.8,0.05,,think that we shouldn't,0.0,0.99,remove,too quiet to transcribe; -31 dB under speech; far from own speech; inaudible
94:26.47,94:27.11,0.64,-33.9,-21.7,0.13,,to find true ai happiness,0.0,0.99,remove,ncc 0.13; too quiet to transcribe; -22 dB under speech; far from own speech
94:27.28,94:27.40,0.12,-58.1,-46.0,0.03,,ai happiness,0.0,0.99,remove,too quiet to transcribe; -46 dB under speech; far from own speech; inaudible
94:27.63,94:27.79,0.16,-51.7,-39.6,0.04,,happiness,0.0,0.99,remove,too quiet to transcribe; -40 dB under speech; far from own speech; inaudible
94:28.70,94:28.83,0.13,-68.9,-56.8,0.06,,correlated with the,0.0,0.97,remove,too quiet to transcribe; -57 dB under speech; inaudible
94:29.62,94:29.63,0.01,-84.0,-71.9,0.00,,i am happy,0.0,0.97,remove,too quiet to transcribe; -72 dB under speech; adjacent to own speech; inaudible
95:14.27,95:14.38,0.11,-37.8,-25.7,0.13,,maybe not today,0.0,1.0,remove,ncc 0.13; too quiet to transcribe; -26 dB under speech; far from own speech
95:14.49,95:14.83,0.34,-44.4,-32.3,0.15,,not today if there,0.0,1.0,remove,ncc 0.15; too quiet to transcribe; -32 dB under speech; far from own speech; inaudible
95:15.67,95:16.09,0.42,-33.4,-21.3,0.07,,it did exist today which i think,0.0,0.97,remove,too quiet to transcribe; -21 dB under speech; far from own speech
95:22.95,95:23.55,0.60,-41.0,-28.9,0.11,,whatever something like that qualia,0.0,0.99,remove,ncc 0.11; too quiet to transcribe; -29 dB under speech; far from own speech; inaudible
95:23.80,95:23.88,0.08,-54.6,-42.5,0.00,,that qualia,0.0,0.99,remove,too quiet to transcribe; -43 dB under speech; far from own speech; inaudible
95:24.51,95:24.77,0.26,-43.2,-31.1,0.05,,if if and if,0.0,0.99,remove,too quiet to transcribe; -31 dB under speech; far from own speech; inaudible
95:25.08,95:25.13,0.05,-68.9,-56.7,0.00,,if and if you ask me,0.0,0.99,remove,too quiet to transcribe; -57 dB under speech; far from own speech; inaudible
95:25.25,95:26.52,1.27,-38.2,-26.0,0.04,,and if you ask me where is it like i said i wouldn't say,0.0,1.0,remove,too quiet to transcribe; -26 dB under speech; far from own speech; gate stuck open 1s
95:26.86,95:26.88,0.02,-70.1,-58.0,0.00,,say it's when it's,0.0,0.99,remove,too quiet to transcribe; -58 dB under speech; far from own speech; inaudible
95:27.04,95:27.57,0.53,-37.3,-25.2,0.08,,it's when it's outputting the word,0.0,0.97,remove,too quiet to transcribe; -25 dB under speech; far from own speech
95:28.28,95:29.16,0.88,-26.3,-14.2,0.09,,happy or outputting the word,0.0,0.92,remove,no words; -14 dB under speech; far from own speech
95:29.63,95:29.71,0.08,-48.6,-36.4,0.00,,word yes,0.0,0.99,remove,too quiet to transcribe; -36 dB under speech; far from own speech; inaudible
95:29.85,95:30.13,0.28,-43.3,-31.2,0.11,,yes,0.0,1.0,remove,ncc 0.11; too quiet to transcribe; -31 dB under speech; far from own speech; inaudible
95:30.91,95:31.01,0.10,-64.4,-52.3,0.12,,i would actually say,0.0,1.0,remove,ncc 0.12; too quiet to transcribe; -52 dB under speech; far from own speech; inaudible
95:31.12,95:31.42,0.30,-54.1,-42.0,0.22,,actually say that,0.0,1.0,remove,waveform=Liron ncc 0.22; too quiet to transcribe; -42 dB under speech; far from own speech; inaudible
95:31.54,95:31.84,0.30,-45.2,-33.1,0.07,,say that the the,0.0,0.99,remove,too quiet to transcribe; -33 dB under speech; far from own speech; inaudible
95:31.95,95:31.97,0.02,-67.4,-55.3,0.00,,that the the qualia,0.0,0.99,remove,too quiet to transcribe; -55 dB under speech; far from own speech; inaudible
95:32.28,95:32.75,0.47,-32.8,-20.7,0.07,,the qualia of pleasure,0.0,0.97,remove,too quiet to transcribe; -21 dB under speech; far from own speech
95:33.15,95:33.27,0.12,-41.8,-29.7,0.04,,pleasure,0.0,0.99,remove,too quiet to transcribe; -30 dB under speech; far from own speech; inaudible
95:34.19,95:34.89,0.70,-29.0,-16.9,0.10,no it's,has to do with,0.0,0.27,review,-17 dB under speech; far from own speech; words: no it's
95:35.06,95:35.18,0.12,-62.5,-50.4,0.05,,do with,0.0,0.99,remove,too quiet to transcribe; -50 dB under speech; far from own speech; inaudible
95:35.41,95:36.16,0.75,-26.1,-14.0,0.12,,its confidence,0.0,0.98,remove,ncc 0.12; no words; -14 dB under speech; far from own speech
95:36.31,95:36.41,0.10,-37.9,-25.7,0.04,,confidence,0.0,0.99,remove,too quiet to transcribe; -26 dB under speech; far from own speech
95:36.60,95:36.61,0.01,-81.2,-69.1,0.00,,,0.0,0.99,remove,too quiet to transcribe; -69 dB under speech; far from own speech; inaudible
95:36.72,95:36.77,0.05,-67.6,-55.4,0.00,,,0.0,0.99,remove,too quiet to transcribe; -55 dB under speech; far from own speech; inaudible
95:37.45,95:37.49,0.04,-56.9,-44.7,0.00,,in its prediction,0.0,0.99,remove,too quiet to transcribe; -45 dB under speech; far from own speech; inaudible
95:37.80,95:37.92,0.12,-38.3,-26.2,0.07,,its prediction,0.0,0.99,remove,too quiet to transcribe; -26 dB under speech; far from own speech
95:38.19,95:38.27,0.08,-69.9,-57.8,0.00,,of,0.0,0.99,remove,too quiet to transcribe; -58 dB under speech; far from own speech; inaudible
95:38.50,95:38.59,0.09,-32.5,-20.3,0.00,,of the tokens,0.0,0.99,remove,too quiet to transcribe; -20 dB under speech; far from own speech
96:00.37,96:01.71,1.34,-34.9,-22.8,0.06,,like the the way it was trained,0.0,1.0,remove,too quiet to transcribe; -23 dB under speech; far from own speech; gate stuck open 1s
96:02.26,96:03.23,0.97,-43.0,-30.9,0.10,,the the way it became who it is,0.0,0.99,remove,ncc 0.10; too quiet to transcribe; -31 dB under speech; far from own speech; inaudible
98:47.98,98:48.03,0.05,-62.1,-50.0,0.00,,i think you and i,0.0,0.99,remove,too quiet to transcribe; -50 dB under speech; far from own speech; inaudible
98:48.49,98:48.61,0.12,-46.3,-34.2,0.06,,and i have,0.0,0.99,remove,too quiet to transcribe; -34 dB under speech; far from own speech; inaudible
98:49.33,98:49.40,0.07,-53.3,-41.2,0.00,,always been on,0.0,0.99,remove,too quiet to transcribe; -41 dB under speech; far from own speech; inaudible
98:49.58,98:49.72,0.14,-43.1,-31.0,0.03,,always been on the same,0.0,0.99,remove,too quiet to transcribe; -31 dB under speech; far from own speech; inaudible
98:49.85,98:49.89,0.04,-62.4,-50.2,0.00,,been on the same page,0.0,0.99,remove,too quiet to transcribe; -50 dB under speech; far from own speech; inaudible
98:55.77,98:56.28,0.51,-30.3,-18.2,0.05,,neurons to be,0.0,0.97,remove,no words; -18 dB under speech; far from own speech
98:56.39,98:56.47,0.08,-68.0,-55.9,0.00,,to be conscious,0.0,0.99,remove,too quiet to transcribe; -56 dB under speech; far from own speech; inaudible
98:56.74,98:56.82,0.08,-49.6,-37.5,0.00,,to be conscious like,0.0,0.99,remove,too quiet to transcribe; -37 dB under speech; far from own speech; inaudible
98:57.26,98:57.37,0.11,-42.6,-30.5,0.03,,like a silicon,0.0,0.99,remove,too quiet to transcribe; -30 dB under speech; far from own speech; inaudible
98:57.64,98:58.07,0.43,-42.8,-30.7,0.03,,silicon version of a neuron,0.0,0.97,remove,too quiet to transcribe; -31 dB under speech; inaudible
98:58.29,98:58.33,0.04,-63.5,-51.4,0.00,,of a neuron should,0.0,0.97,remove,too quiet to transcribe; -51 dB under speech; inaudible
98:58.46,98:58.51,0.05,-61.1,-48.9,0.00,,of a neuron should work,0.0,0.97,remove,too quiet to transcribe; -49 dB under speech; inaudible
98:58.65,98:58.66,0.01,-61.9,-49.8,0.00,,neuron should work fine,0.0,0.97,remove,too quiet to transcribe; -50 dB under speech; inaudible
98:58.90,98:59.14,0.24,-74.4,-62.3,0.10,,should work fine for consciousness,0.0,0.97,remove,ncc 0.10; too quiet to transcribe; -62 dB under speech; adjacent to own speech; inaudible
98:59.34,99:00.59,1.25,-10.3,1.8,0.06,um i think it,fine for consciousness correct,0.0,0.0,keep,real speech: um i think it
99:14.55,99:15.41,0.86,-16.4,-4.3,0.11,what is this,that's not substrate independent,0.0,0.27,review,ncc 0.11; far from own speech; real speech: what is this; gate stuck open 1s
99:15.52,99:15.99,0.47,-28.4,-16.3,0.01,,independent go,0.0,0.92,remove,no words; -16 dB under speech; far from own speech
99:16.97,99:17.04,0.07,-41.9,-29.7,0.00,,up the one where,0.0,0.97,remove,too quiet to transcribe; -30 dB under speech; inaudible
99:17.86,99:20.09,2.23,-6.7,5.4,0.08,,i react to roger penrose uh you know nobel prizewinning,0.0,0.18,keep,loud but no words (laugh / non-verbal?); far from own speech
99:20.51,99:20.66,0.15,-34.7,-22.6,0.14,,prizewinning physicist,0.0,0.99,remove,ncc 0.14; too quiet to transcribe; -23 dB under speech
99:21.00,99:21.03,0.03,-62.8,-50.7,0.00,,physicist,0.0,0.97,remove,too quiet to transcribe; -51 dB under speech; inaudible
99:21.48,99:21.57,0.09,-30.5,-18.4,0.00,,who argues,0.0,0.97,remove,too quiet to transcribe; -18 dB under speech
99:21.73,99:21.82,0.09,-44.4,-32.2,0.00,,who argues,0.0,0.99,remove,too quiet to transcribe; -32 dB under speech; far from own speech; inaudible
99:23.20,99:23.29,0.09,-36.5,-24.3,0.00,,is uncomputable,0.0,0.99,remove,too quiet to transcribe; -24 dB under speech; far from own speech
99:23.47,99:23.53,0.06,-63.7,-51.6,0.00,,uncomputable,0.0,0.99,remove,too quiet to transcribe; -52 dB under speech; far from own speech; inaudible
99:24.17,99:25.38,1.21,-31.8,-19.6,0.14,,and emerges from quantum microtubules,0.0,1.0,remove,ncc 0.14; no words; -20 dB under speech; far from own speech; gate stuck open 1s
99:25.55,99:26.53,0.98,-33.8,-21.6,0.08,,and so today's siliconbased,0.0,0.97,remove,too quiet to transcribe; -22 dB under speech; far from own speech
99:27.44,99:27.48,0.04,-57.9,-45.8,0.00,,computers,0.0,0.99,remove,too quiet to transcribe; -46 dB under speech; far from own speech; inaudible
99:27.78,99:27.83,0.05,-46.0,-33.8,0.00,,have the,0.0,0.99,remove,too quiet to transcribe; -34 dB under speech; far from own speech; inaudible
99:28.38,99:28.45,0.07,-59.8,-47.7,0.00,,the wrong architecture,0.0,0.99,remove,too quiet to transcribe; -48 dB under speech; far from own speech; inaudible
99:28.71,99:29.01,0.30,-28.7,-16.6,0.02,,architecture to ever,0.0,0.97,remove,no words; -17 dB under speech; far from own speech
99:36.51,99:36.68,0.17,-38.8,-26.7,0.06,,insane but,0.0,0.99,remove,too quiet to transcribe; -27 dB under speech; far from own speech
99:36.81,99:37.47,0.66,-35.1,-23.0,0.10,,but you know obviously,0.0,0.97,remove,too quiet to transcribe; -23 dB under speech; far from own speech
99:37.94,99:38.13,0.19,-54.2,-42.1,0.11,,obviously is a,0.0,1.0,remove,ncc 0.11; too quiet to transcribe; -42 dB under speech; far from own speech; inaudible
99:39.19,99:39.28,0.09,-35.2,-23.0,0.00,,more productive,0.0,0.99,remove,too quiet to transcribe; -23 dB under speech; far from own speech
99:39.43,99:39.48,0.05,-63.6,-51.4,0.00,,more productive,0.0,0.99,remove,too quiet to transcribe; -51 dB under speech; far from own speech; inaudible
99:41.45,99:41.54,0.09,-49.2,-37.1,0.00,,i'll ever be and yet,0.0,0.99,remove,too quiet to transcribe; -37 dB under speech; far from own speech; inaudible
99:41.68,99:41.75,0.07,-47.8,-35.7,0.00,,be and yet completely,0.0,0.99,remove,too quiet to transcribe; -36 dB under speech; far from own speech; inaudible
99:42.40,99:42.49,0.09,-36.2,-24.0,0.00,,wrong and insane,0.0,0.99,remove,too quiet to transcribe; -24 dB under speech; far from own speech
99:42.70,99:42.84,0.14,-29.7,-17.6,0.04,,wrong and insane so,0.0,0.97,remove,too quiet to transcribe; -18 dB under speech; far from own speech
99:43.14,99:43.15,0.01,-77.2,-65.1,0.00,,so go,0.0,0.99,remove,too quiet to transcribe; -65 dB under speech; far from own speech; inaudible
99:44.06,99:44.17,0.11,-36.0,-23.8,0.05,,that episode,0.0,0.99,remove,too quiet to transcribe; -24 dB under speech; far from own speech
99:45.26,99:45.66,0.40,-34.2,-22.1,0.03,,but that's not me or richard,0.0,0.99,remove,too quiet to transcribe; -22 dB under speech; far from own speech
99:56.44,99:56.52,0.08,-46.5,-34.3,0.00,,i would have told,0.0,0.99,remove,too quiet to transcribe; -34 dB under speech; far from own speech; inaudible
99:56.74,99:56.79,0.05,-58.8,-46.7,0.00,,told you,0.0,0.99,remove,too quiet to transcribe; -47 dB under speech; far from own speech; inaudible
99:56.98,99:57.07,0.09,-50.3,-38.2,0.00,,you five or,0.0,0.99,remove,too quiet to transcribe; -38 dB under speech; far from own speech; inaudible
99:57.54,99:57.84,0.30,-34.6,-22.5,0.06,,or  years ago if you'd,0.0,0.99,remove,too quiet to transcribe; -22 dB under speech; far from own speech
99:58.47,99:58.73,0.26,-36.2,-24.0,0.03,,asked me okay a system,0.0,0.99,remove,too quiet to transcribe; -24 dB under speech; far from own speech
99:58.92,99:58.95,0.03,-62.0,-49.9,0.00,,a system,0.0,0.99,remove,too quiet to transcribe; -50 dB under speech; far from own speech; inaudible
99:59.10,99:59.91,0.81,-18.9,-6.8,0.07,smooth,a system that can pass the turing test,0.0,0.12,keep,-7 dB under speech; far from own speech; words: smooth
100:00.09,100:00.15,0.06,-60.9,-48.8,0.00,,the turing test,0.0,0.99,remove,too quiet to transcribe; -49 dB under speech; far from own speech; inaudible
100:00.26,100:00.85,0.59,-32.5,-20.4,0.05,,turing test and,0.0,0.97,remove,too quiet to transcribe; -20 dB under speech; far from own speech
100:01.10,100:01.12,0.02,-66.7,-54.5,0.00,,and runs,0.0,0.99,remove,too quiet to transcribe; -55 dB under speech; far from own speech; inaudible
100:01.81,100:02.19,0.38,-38.8,-26.7,0.02,,on silicon don't you think that'll,0.0,0.99,remove,too quiet to transcribe; -27 dB under speech; far from own speech
100:07.14,100:07.48,0.34,-50.1,-38.0,0.03,,what i probably would have,0.0,0.99,remove,too quiet to transcribe; -38 dB under speech; far from own speech; inaudible
100:07.73,100:07.78,0.05,-65.4,-53.3,0.00,,would have still said,0.0,0.99,remove,too quiet to transcribe; -53 dB under speech; far from own speech; inaudible
100:07.89,100:07.97,0.08,-57.8,-45.7,0.00,,would have still said yes,0.0,0.99,remove,too quiet to transcribe; -46 dB under speech; far from own speech; inaudible
100:08.11,100:08.99,0.88,-41.9,-29.7,0.02,,still said yes because i'd be like look,0.0,0.97,remove,too quiet to transcribe; -30 dB under speech; far from own speech; inaudible
100:09.12,100:09.84,0.72,-43.6,-31.4,0.02,,i'd be like look consciousness,0.0,0.97,remove,too quiet to transcribe; -31 dB under speech; far from own speech; inaudible
100:09.95,100:10.01,0.06,-60.8,-48.7,0.00,,,0.0,0.99,remove,too quiet to transcribe; -49 dB under speech; far from own speech; inaudible
100:10.35,100:11.87,1.52,-26.9,-14.7,0.02,,seems optional it,0.0,0.92,remove,no words; -15 dB under speech; far from own speech
100:12.06,100:12.13,0.07,-50.4,-38.3,0.00,,it really,0.0,0.99,remove,too quiet to transcribe; -38 dB under speech; far from own speech; inaudible
100:12.29,100:12.46,0.17,-48.5,-36.3,0.04,,it really does,0.0,0.99,remove,too quiet to transcribe; -36 dB under speech; far from own speech; inaudible
100:12.88,100:13.07,0.19,-51.1,-39.0,0.05,,does seem like,0.0,0.99,remove,too quiet to transcribe; -39 dB under speech; far from own speech; inaudible
100:13.19,100:13.71,0.52,-34.8,-22.7,0.02,,seem like you could have,0.0,0.97,remove,too quiet to transcribe; -23 dB under speech; far from own speech
100:13.84,100:15.27,1.43,-33.9,-21.8,0.06,,you could have intelligence without consciousness,0.0,1.0,remove,too quiet to transcribe; -22 dB under speech; far from own speech; gate stuck open 1s
100:15.38,100:15.45,0.07,-56.9,-44.8,0.00,,consciousness,0.0,0.99,remove,too quiet to transcribe; -45 dB under speech; far from own speech; inaudible
100:35.60,100:35.65,0.05,-77.9,-65.8,0.00,,you can make my gut,0.0,0.99,remove,too quiet to transcribe; -66 dB under speech; far from own speech; inaudible
100:35.79,100:36.10,0.31,-36.4,-24.2,0.02,,make my gut emit,0.0,0.99,remove,too quiet to transcribe; -24 dB under speech; far from own speech
100:36.22,100:36.30,0.08,-51.6,-39.5,0.00,,gut emit,0.0,0.99,remove,too quiet to transcribe; -39 dB under speech; far from own speech; inaudible
100:37.63,100:38.05,0.42,-43.4,-31.3,0.07,,like that particular architecture,0.0,0.97,remove,too quiet to transcribe; -31 dB under speech; far from own speech; inaudible
100:38.19,100:38.24,0.05,-65.8,-53.7,0.00,,architecture,0.0,0.99,remove,too quiet to transcribe; -54 dB under speech; far from own speech; inaudible
100:38.39,100:38.60,0.21,-51.8,-39.7,0.03,,architecture,0.0,0.99,remove,too quiet to transcribe; -40 dB under speech; far from own speech; inaudible
100:38.90,100:39.10,0.20,-47.9,-35.8,0.04,,,0.0,0.99,remove,too quiet to transcribe; -36 dB under speech; far from own speech; inaudible
100:39.24,100:39.57,0.33,-29.8,-17.7,0.04,,wwith that,0.0,0.97,remove,no words; -18 dB under speech; far from own speech
100:39.69,100:39.74,0.05,-71.0,-58.9,0.00,,wwith that whole,0.0,0.99,remove,too quiet to transcribe; -59 dB under speech; far from own speech; inaudible
100:39.85,100:39.97,0.12,-47.8,-35.7,0.07,,that whole feeling,0.0,0.99,remove,too quiet to transcribe; -36 dB under speech; far from own speech; inaudible
100:40.13,100:41.03,0.90,-37.0,-24.9,0.01,,that whole feeling system it,0.0,0.97,remove,too quiet to transcribe; -25 dB under speech; far from own speech
100:41.16,100:41.65,0.49,-49.8,-37.7,0.04,,it probably just,0.0,0.97,remove,too quiet to transcribe; -38 dB under speech; far from own speech; inaudible
100:41.81,100:41.87,0.06,-71.7,-59.6,0.00,,just doesn't,0.0,0.99,remove,too quiet to transcribe; -60 dB under speech; far from own speech; inaudible
100:42.07,100:42.90,0.83,-29.5,-17.4,0.01,,just doesn't need to be a part,0.0,0.92,remove,no words; -17 dB under speech; far from own speech
100:43.05,100:43.06,0.01,-79.6,-67.5,0.00,,to be a part,0.0,0.99,remove,too quiet to transcribe; -67 dB under speech; far from own speech; inaudible
100:53.95,100:56.04,2.09,-7.8,4.4,0.04,oh man i just feel like a lot of this,what do you think,0.0,0.0,keep,real speech: oh man i just feel like a lot of this
102:59.38,102:59.72,0.34,-9.3,2.8,0.13,oh yeah,janus on twitter,0.0,0.12,keep,ncc 0.13; far from own speech; backchannel: oh yeah
103:07.66,103:07.90,0.24,-51.5,-39.3,0.05,,uh who knows if it's one,0.0,0.99,remove,too quiet to transcribe; -39 dB under speech; far from own speech; inaudible
103:08.47,103:08.50,0.03,-66.4,-54.2,0.00,,one user or,0.0,0.99,remove,too quiet to transcribe; -54 dB under speech; far from own speech; inaudible
103:08.91,103:09.29,0.38,-44.8,-32.7,0.09,,or a collective or whatever,0.0,0.99,remove,too quiet to transcribe; -33 dB under speech; far from own speech; inaudible
103:09.48,103:09.65,0.17,-39.8,-27.6,0.10,,or whatever but it,0.0,0.99,remove,too quiet to transcribe; -28 dB under speech; far from own speech
103:09.84,103:10.59,0.75,-38.5,-26.4,0.02,,but it it seems like janus',0.0,0.97,remove,too quiet to transcribe; -26 dB under speech; far from own speech
103:10.82,103:11.68,0.86,-40.9,-28.8,0.01,,like janus' whole thing,0.0,0.97,remove,too quiet to transcribe; -29 dB under speech; far from own speech; inaudible
103:11.91,103:12.20,0.29,-50.0,-37.9,0.02,,thing,0.0,0.99,remove,too quiet to transcribe; -38 dB under speech; far from own speech; inaudible
103:18.83,103:18.84,0.01,-75.8,-63.6,0.00,,because she thinks,0.0,0.99,remove,too quiet to transcribe; -64 dB under speech; far from own speech; inaudible
103:18.99,103:19.05,0.06,-44.3,-32.1,0.00,,she thinks that,0.0,0.99,remove,too quiet to transcribe; -32 dB under speech; far from own speech; inaudible
103:19.19,103:19.30,0.11,-43.6,-31.5,0.06,,she thinks that the,0.0,0.99,remove,too quiet to transcribe; -31 dB under speech; far from own speech; inaudible
103:19.56,103:19.90,0.34,-51.5,-39.4,0.05,,that the ai,0.0,0.99,remove,too quiet to transcribe; -39 dB under speech; far from own speech; inaudible
103:20.05,103:20.17,0.12,-54.1,-42.0,0.09,,does,0.0,0.99,remove,too quiet to transcribe; -42 dB under speech; far from own speech; inaudible
103:20.68,103:20.78,0.10,-46.8,-34.7,0.03,,does have these,0.0,0.99,remove,too quiet to transcribe; -35 dB under speech; far from own speech; inaudible
103:21.91,103:22.03,0.12,-30.7,-18.6,0.07,,and,0.0,0.99,remove,too quiet to transcribe; -19 dB under speech; far from own speech
103:22.17,103:22.42,0.25,-40.8,-28.7,0.13,,and it should get,0.0,1.0,remove,ncc 0.13; too quiet to transcribe; -29 dB under speech; far from own speech; inaudible
103:22.58,103:22.62,0.04,-63.0,-50.9,0.00,,it should get,0.0,0.99,remove,too quiet to transcribe; -51 dB under speech; far from own speech; inaudible
103:23.32,103:23.44,0.12,-34.5,-22.3,0.19,,respect,0.0,1.0,remove,waveform=Liron ncc 0.19; too quiet to transcribe; -22 dB under speech; far from own speech
103:23.66,103:23.89,0.23,-28.9,-16.8,0.02,,respect on that,0.0,0.97,remove,no words; -17 dB under speech; far from own speech
105:10.69,105:11.00,0.31,-10.9,1.2,0.08,oh,softer i don't know if it's me or,0.0,0.03,keep,far from own speech; backchannel: oh
105:11.15,105:11.43,0.28,-9.8,2.3,0.21,hello,don't know if it's me or you,0.0,0.73,review,waveform=Liron ncc 0.21; far from own speech; words: hello
105:13.71,105:14.25,0.54,-8.6,3.5,0.01,,,0.0,0.18,keep,loud but no words (laugh / non-verbal?); far from own speech
105:17.12,105:18.19,1.07,-8.4,3.7,0.08,um,turned the input volume down,0.0,0.0,keep,backchannel: um
105:24.75,105:24.82,0.07,-46.5,-34.4,0.00,,yeah you,0.0,0.99,remove,too quiet to transcribe; -34 dB under speech; far from own speech; inaudible
105:26.03,105:26.15,0.12,-11.5,0.7,0.06,,coming in soft right,0.0,0.62,review,too quiet to transcribe
105:27.07,105:29.04,1.97,-6.9,5.2,0.06,yeah the soundbar seems to be,mean look at your pr look at your soundbar it doesn't seem to be filling,0.67,0.82,review,echoes Liron: yeah the soundbar seems to be; far from own speech
105:30.27,105:30.85,0.58,-10.3,1.9,0.12,okay hello,oh oh it's loud now it's loud,0.0,0.08,keep,ncc 0.12; words: okay hello
105:39.92,105:40.77,0.85,-9.2,3.0,0.06,yeah um,cool,0.0,0.01,keep,far from own speech; backchannel: yeah um
105:47.95,105:48.22,0.27,-12.9,-0.8,0.12,yeah,dysphorics,0.0,0.12,keep,ncc 0.12; far from own speech; backchannel: yeah
105:49.22,105:49.38,0.16,-22.5,-10.4,0.05,,'cause you're,0.0,0.97,remove,no words; -10 dB under speech; far from own speech
105:51.14,105:52.43,1.29,-9.0,3.1,0.06,yeah that's right i think that,,0.0,0.0,keep,far from own speech; real speech: yeah that's right i think that
106:35.38,106:35.70,0.32,-44.6,-32.5,0.02,,we don't even understand,0.0,0.99,remove,too quiet to transcribe; -32 dB under speech; far from own speech; inaudible
106:36.10,106:36.37,0.27,-37.2,-25.0,0.12,,if we are,0.0,1.0,remove,ncc 0.12; too quiet to transcribe; -25 dB under speech; far from own speech
106:36.64,106:36.67,0.03,-69.2,-57.0,0.00,,are or,0.0,0.99,remove,too quiet to transcribe; -57 dB under speech; far from own speech; inaudible
106:37.17,106:37.33,0.16,-35.9,-23.8,0.02,,or aren't 'cause you,0.0,0.99,remove,too quiet to transcribe; -24 dB under speech; far from own speech
106:38.38,106:38.77,0.39,-41.5,-29.4,0.02,,of animals it seems pretty clear,0.0,0.99,remove,too quiet to transcribe; -29 dB under speech; far from own speech; inaudible
106:38.90,106:39.06,0.16,-49.8,-37.7,0.07,,it seems pretty clear that we are,0.0,0.99,remove,too quiet to transcribe; -38 dB under speech; far from own speech; inaudible
106:39.32,106:39.50,0.18,-52.9,-40.8,0.09,,clear that we are to me,0.0,0.99,remove,too quiet to transcribe; -41 dB under speech; far from own speech; inaudible
106:39.69,106:39.71,0.02,-78.5,-66.4,0.00,,are to me,0.0,0.99,remove,too quiet to transcribe; -66 dB under speech; far from own speech; inaudible
106:39.94,106:40.16,0.22,-41.4,-29.2,0.07,,to me but like in,0.0,0.99,remove,too quiet to transcribe; -29 dB under speech; far from own speech; inaudible
106:40.27,106:40.33,0.06,-40.3,-28.2,0.00,,but like in the,0.0,0.99,remove,too quiet to transcribe; -28 dB under speech; far from own speech; inaudible
106:40.51,106:40.58,0.07,-56.7,-44.6,0.00,,but like in the case of,0.0,0.99,remove,too quiet to transcribe; -45 dB under speech; far from own speech; inaudible
106:40.75,106:40.86,0.11,-50.4,-38.2,0.03,,in the case of ais,0.0,0.99,remove,too quiet to transcribe; -38 dB under speech; far from own speech; inaudible
106:41.40,106:41.47,0.07,-57.9,-45.8,0.00,,it's it's ambiguous,0.0,0.99,remove,too quiet to transcribe; -46 dB under speech; far from own speech; inaudible
106:41.91,106:42.24,0.33,-38.5,-26.4,0.14,,ambiguous right now,0.0,1.0,remove,ncc 0.14; too quiet to transcribe; -26 dB under speech; far from own speech
106:42.36,106:42.62,0.26,-45.7,-33.6,0.02,,right now but,0.0,0.99,remove,too quiet to transcribe; -34 dB under speech; far from own speech; inaudible
106:43.01,106:43.22,0.21,-48.9,-36.8,0.07,,but isn't,0.0,0.99,remove,too quiet to transcribe; -37 dB under speech; far from own speech; inaudible
106:43.38,106:43.46,0.08,-53.0,-40.9,0.00,,isn't it,0.0,0.99,remove,too quiet to transcribe; -41 dB under speech; far from own speech; inaudible
106:43.59,106:43.67,0.08,-60.7,-48.6,0.00,,isn't it a strong,0.0,0.99,remove,too quiet to transcribe; -49 dB under speech; far from own speech; inaudible
106:45.55,106:45.56,0.01,-64.9,-52.8,0.00,,should be pausing,0.0,0.97,remove,too quiet to transcribe; -53 dB under speech; inaudible
106:45.71,106:45.73,0.02,-59.5,-47.4,0.00,,be pausing ai,0.0,0.97,remove,too quiet to transcribe; -47 dB under speech; inaudible
107:47.32,107:48.30,0.98,-10.9,1.3,0.06,yeah um,anything you want,0.0,0.01,keep,far from own speech; backchannel: yeah um
108:53.15,108:53.76,0.61,-13.3,-1.2,0.04,,as bad as hydrogen bomb,0.0,0.18,keep,loud but no words (laugh / non-verbal?); far from own speech
108:54.34,108:54.37,0.03,-73.7,-61.6,0.00,,bomb i feel,0.0,0.99,remove,too quiet to transcribe; -62 dB under speech; far from own speech; inaudible
108:54.55,108:54.61,0.06,-72.5,-60.4,0.00,,i feel like,0.0,0.99,remove,too quiet to transcribe; -60 dB under speech; far from own speech; inaudible
108:58.18,108:58.47,0.29,-40.0,-27.9,0.05,,hydrogen bomb might be a,0.0,0.97,remove,too quiet to transcribe; -28 dB under speech; adjacent to own speech; inaudible
108:58.67,108:59.64,0.97,-11.6,0.5,0.08,yeah um,bomb might be a little bit worse,0.0,0.0,keep,backchannel: yeah um
111:45.52,111:45.96,0.44,-27.7,-15.6,0.06,,ai claims to like it,0.0,0.92,remove,no words; -16 dB under speech; far from own speech
111:46.54,111:46.80,0.26,-16.4,-4.2,0.08,hmm,more than the cutest,0.0,0.03,keep,far from own speech; backchannel: hmm
111:50.69,111:51.86,1.17,-8.5,3.6,0.08,it always looks like static,look like something a human would recognize,0.4,0.18,keep,partly echoes Liron (40%)
111:54.91,111:55.97,1.06,-8.2,3.9,0.06,there are some,uhhuh okay,0.0,0.0,keep,real speech: there are some; adjacent to own speech
112:01.82,112:02.09,0.27,-22.3,-10.2,0.19,hmm,like high dimensional function,0.0,0.82,review,waveform=Liron ncc 0.19; -10 dB under speech; far from own speech; backchannel: hmm
112:09.58,112:09.89,0.31,-10.7,1.4,0.09,yeah,has nothing to make of it that,0.0,0.01,keep,backchannel: yeah
112:10.16,112:10.58,0.42,-10.4,1.7,0.11,um,make of it that makes sense,0.0,0.0,keep,ncc 0.11; backchannel: um; adjacent to own speech
112:20.10,112:20.59,0.49,-16.3,-4.1,0.11,yeah yeah,way one sec i'm just turning on my light,0.0,0.05,keep,ncc 0.11; far from own speech; backchannel: yeah yeah
112:34.47,112:35.85,1.38,-8.1,4.0,0.07,yeah so here um,go on,0.0,0.0,keep,real speech: yeah so here um; adjacent to own speech
113:18.41,113:18.47,0.06,-60.6,-48.5,0.00,,including,0.0,0.99,remove,too quiet to transcribe; -48 dB under speech; far from own speech; inaudible
113:18.68,113:18.77,0.09,-45.5,-33.3,0.00,,including grief,0.0,0.99,remove,too quiet to transcribe; -33 dB under speech; far from own speech; inaudible
113:19.13,113:19.25,0.12,-69.2,-57.1,0.05,,grief including,0.0,0.99,remove,too quiet to transcribe; -57 dB under speech; far from own speech; inaudible
113:19.54,113:19.77,0.23,-58.2,-46.1,0.05,,including love itself,0.0,0.99,remove,too quiet to transcribe; -46 dB under speech; far from own speech; inaudible
113:20.00,113:20.40,0.40,-46.2,-34.1,0.06,,love itself including,0.0,0.99,remove,too quiet to transcribe; -34 dB under speech; far from own speech; inaudible
113:20.75,113:21.42,0.67,-25.6,-13.5,0.09,,mystery's silence,0.0,0.92,remove,no words; -13 dB under speech; far from own speech
113:27.32,113:27.62,0.30,-5.4,6.8,0.10,mmhmm,one is more recognizable,0.0,0.03,keep,far from own speech; backchannel: mmhmm
113:36.63,113:36.66,0.03,-65.4,-53.3,0.00,,maybe the static,0.0,0.99,remove,too quiet to transcribe; -53 dB under speech; far from own speech; inaudible
113:36.77,113:36.78,0.01,-69.1,-56.9,0.00,,the static image,0.0,0.99,remove,too quiet to transcribe; -57 dB under speech; far from own speech; inaudible
113:37.23,113:37.26,0.03,-57.8,-45.7,0.00,,image maybe,0.0,0.99,remove,too quiet to transcribe; -46 dB under speech; far from own speech; inaudible
113:37.82,113:37.91,0.09,-50.1,-38.0,0.00,,maybe somebody's brain,0.0,0.99,remove,too quiet to transcribe; -38 dB under speech; far from own speech; inaudible
113:38.84,113:39.55,0.71,-29.1,-17.0,0.03,,generate a bunch of static i feel like the,0.0,0.92,remove,no words; -17 dB under speech; far from own speech
113:39.69,113:39.76,0.07,-48.5,-36.3,0.00,,i feel like the image,0.0,0.99,remove,too quiet to transcribe; -36 dB under speech; far from own speech; inaudible
113:40.36,113:40.45,0.09,-47.7,-35.6,0.00,,is less,0.0,0.99,remove,too quiet to transcribe; -36 dB under speech; far from own speech; inaudible
113:40.64,113:40.76,0.12,-45.4,-33.2,0.06,,less intuitive,0.0,0.99,remove,too quiet to transcribe; -33 dB under speech; far from own speech; inaudible
113:40.94,113:41.04,0.10,-45.5,-33.3,0.04,,intuitive,0.0,0.99,remove,too quiet to transcribe; -33 dB under speech; far from own speech; inaudible
113:41.31,113:41.35,0.04,-49.1,-37.0,0.00,,like a,0.0,0.99,remove,too quiet to transcribe; -37 dB under speech; far from own speech; inaudible
113:41.61,113:42.18,0.57,-23.5,-11.4,0.05,mmhmm,like a human stimulus but,0.0,0.08,keep,-11 dB under speech; far from own speech; backchannel: mmhmm
113:42.29,113:42.51,0.22,-63.7,-51.6,0.07,,stimulus but the text,0.0,0.99,remove,too quiet to transcribe; -52 dB under speech; far from own speech; inaudible
113:42.63,113:42.66,0.03,-64.6,-52.5,0.00,,but the text,0.0,0.99,remove,too quiet to transcribe; -53 dB under speech; far from own speech; inaudible
113:42.82,113:42.84,0.02,-63.0,-50.9,0.00,,the text,0.0,0.99,remove,too quiet to transcribe; -51 dB under speech; far from own speech; inaudible
113:43.04,113:43.05,0.01,-62.8,-50.7,0.00,,text,0.0,0.99,remove,too quiet to transcribe; -51 dB under speech; far from own speech; inaudible
113:43.16,113:43.38,0.22,-63.5,-51.4,0.12,,does,0.0,1.0,remove,ncc 0.12; too quiet to transcribe; -51 dB under speech; far from own speech; inaudible
113:43.50,113:43.52,0.02,-66.5,-54.4,0.00,,does kind,0.0,0.99,remove,too quiet to transcribe; -54 dB under speech; far from own speech; inaudible
113:43.63,113:43.81,0.18,-67.8,-55.7,0.09,,does kind of remind,0.0,0.99,remove,too quiet to transcribe; -56 dB under speech; far from own speech; inaudible
113:44.02,113:44.05,0.03,-62.7,-50.6,0.00,,kind of remind,0.0,0.99,remove,too quiet to transcribe; -51 dB under speech; far from own speech; inaudible
113:44.45,113:44.46,0.01,-74.3,-62.2,0.00,,me of,0.0,0.99,remove,too quiet to transcribe; -62 dB under speech; far from own speech; inaudible
113:44.63,113:44.70,0.07,-65.1,-53.0,0.00,,me of the kind,0.0,0.99,remove,too quiet to transcribe; -53 dB under speech; far from own speech; inaudible
113:44.85,113:44.89,0.04,-64.0,-51.9,0.00,,of the kind of,0.0,0.99,remove,too quiet to transcribe; -52 dB under speech; far from own speech; inaudible
113:45.10,113:45.21,0.11,-63.0,-50.8,0.10,,the kind of rantings,0.0,1.0,remove,ncc 0.10; too quiet to transcribe; -51 dB under speech; far from own speech; inaudible
113:45.36,113:45.59,0.23,-64.9,-52.7,0.07,,of rantings of somebody,0.0,0.99,remove,too quiet to transcribe; -53 dB under speech; far from own speech; inaudible
113:45.81,113:45.88,0.07,-81.5,-69.3,0.00,,of somebody on,0.0,0.97,remove,too quiet to transcribe; -69 dB under speech; inaudible
113:46.01,113:46.50,0.49,-9.6,2.5,0.11,yeah,of somebody on drugs,0.0,0.02,keep,ncc 0.11; backchannel: yeah
114:26.17,114:26.32,0.15,-57.2,-45.1,0.05,,mystery silence,0.0,0.99,remove,too quiet to transcribe; -45 dB under speech; far from own speech; inaudible
114:31.25,114:31.32,0.07,-69.9,-57.7,0.00,,if the ai is like okay,0.0,0.99,remove,too quiet to transcribe; -58 dB under speech; far from own speech; inaudible
114:31.78,114:31.84,0.06,-78.5,-66.4,0.00,,like okay the number,0.0,0.99,remove,too quiet to transcribe; -66 dB under speech; far from own speech; inaudible
114:32.22,114:32.31,0.09,-76.0,-63.9,0.00,,the number one thing i want,0.0,0.99,remove,too quiet to transcribe; -64 dB under speech; far from own speech; inaudible
114:32.42,114:32.45,0.03,-77.8,-65.7,0.00,,one thing i want is,0.0,0.99,remove,too quiet to transcribe; -66 dB under speech; far from own speech; inaudible
114:32.89,114:33.02,0.13,-75.9,-63.8,0.05,,want is mystery's,0.0,0.99,remove,too quiet to transcribe; -64 dB under speech; far from own speech; inaudible
114:34.35,114:34.49,0.14,-64.1,-52.0,0.03,,it's like wait uh,0.0,0.99,remove,too quiet to transcribe; -52 dB under speech; far from own speech; inaudible
114:34.79,114:34.87,0.08,-67.5,-55.4,0.00,,wait uh am,0.0,0.99,remove,too quiet to transcribe; -55 dB under speech; far from own speech; inaudible
114:34.98,114:35.09,0.11,-76.8,-64.6,0.06,,uh am i sure,0.0,0.99,remove,too quiet to transcribe; -65 dB under speech; far from own speech; inaudible
114:35.20,114:35.36,0.16,-68.4,-56.3,0.09,,am i sure that's what,0.0,0.99,remove,too quiet to transcribe; -56 dB under speech; far from own speech; inaudible
114:36.31,114:36.39,0.08,-78.4,-66.3,0.00,,to pursue when it's,0.0,0.99,remove,too quiet to transcribe; -66 dB under speech; far from own speech; inaudible
114:36.78,114:36.81,0.03,-77.8,-65.7,0.00,,when it's more capable,0.0,0.99,remove,too quiet to transcribe; -66 dB under speech; far from own speech; inaudible
114:37.97,114:37.98,0.01,-84.6,-72.5,0.00,,right so i,0.0,0.99,remove,too quiet to transcribe; -73 dB under speech; far from own speech; inaudible
114:38.20,114:38.50,0.30,-65.2,-53.1,0.06,,right so i do feel a little,0.0,0.99,remove,too quiet to transcribe; -53 dB under speech; far from own speech; inaudible
114:38.87,114:38.91,0.04,-80.4,-68.2,0.00,,a little worried,0.0,0.99,remove,too quiet to transcribe; -68 dB under speech; far from own speech; inaudible
114:39.11,114:39.14,0.03,-79.2,-67.1,0.00,,worried by,0.0,0.99,remove,too quiet to transcribe; -67 dB under speech; far from own speech; inaudible
114:39.78,114:40.02,0.24,-59.0,-46.9,0.06,,these uh,0.0,0.99,remove,too quiet to transcribe; -47 dB under speech; far from own speech; inaudible
114:42.45,114:42.82,0.37,-10.5,1.7,0.08,yeah,is happy about,0.0,0.01,keep,backchannel: yeah
114:42.98,114:43.40,0.42,-11.1,1.1,0.09,um,is happy about,0.0,0.0,keep,backchannel: um
115:16.15,115:16.40,0.25,-21.7,-9.6,0.09,mmhmm,back to the the static,0.0,0.08,keep,-10 dB under speech; far from own speech; backchannel: mmhmm
115:28.53,115:28.84,0.31,-19.7,-7.5,0.13,mmhmm,it was supposed to be a metaphor,0.0,0.27,review,ncc 0.13; -8 dB under speech; far from own speech; backchannel: mmhmm
115:51.00,115:51.21,0.21,-54.2,-42.0,0.03,,it's fine if the ai,0.0,0.99,remove,too quiet to transcribe; -42 dB under speech; far from own speech; inaudible
115:52.46,115:52.73,0.27,-60.2,-48.1,0.05,,this is an aligned,0.0,0.99,remove,too quiet to transcribe; -48 dB under speech; far from own speech; inaudible
115:52.88,115:52.90,0.02,-83.8,-71.6,0.00,,an aligned ai,0.0,0.99,remove,too quiet to transcribe; -72 dB under speech; far from own speech; inaudible
115:53.89,115:53.99,0.10,-58.9,-46.7,0.05,,is easy,0.0,0.99,remove,too quiet to transcribe; -47 dB under speech; far from own speech; inaudible
115:55.07,115:55.96,0.89,-27.0,-14.8,0.07,,like yes i am aligned i love,0.0,0.92,remove,no words; -15 dB under speech; far from own speech
116:05.57,116:07.51,1.94,-8.3,3.8,0.07,yeah i mean it's definitely the case that you know,that static is what it loves,0.1,0.0,keep,real speech: yeah i mean it's definitely the case that you know; adjacent to own speech
116:52.20,116:52.21,0.01,-84.4,-72.3,0.00,,right,0.0,0.97,remove,too quiet to transcribe; -72 dB under speech; adjacent to own speech; inaudible
116:52.56,116:53.78,1.22,-6.7,5.5,0.06,yeah you might just be like,right it's qualitatively different right if,0.17,0.0,keep,real speech: yeah you might just be like
116:55.72,116:56.13,0.41,-8.7,3.4,0.11,yeah,steak you wouldn't have predicted,0.0,0.0,keep,ncc 0.11; backchannel: yeah; adjacent to own speech
117:08.03,117:08.36,0.33,-22.3,-10.2,0.07,mmhmm,what i call the missing,0.0,0.18,keep,-10 dB under speech; far from own speech; backchannel: mmhmm
117:20.15,117:20.38,0.23,-20.9,-8.8,0.10,hmm,very eventempered,0.0,0.08,keep,-9 dB under speech; far from own speech; backchannel: hmm
117:27.45,117:29.73,2.28,-6.8,5.3,0.05,uh to i think right,p  correct,0.0,0.0,keep,far from own speech; real speech: uh to i think right
117:33.50,117:33.74,0.24,-18.2,-6.0,0.09,mmhmm,see i i even forgot,0.0,0.08,keep,-6 dB under speech; far from own speech; backchannel: mmhmm
117:41.39,117:41.60,0.21,-63.3,-51.2,0.02,,like this is actually,0.0,0.99,remove,too quiet to transcribe; -51 dB under speech; far from own speech; inaudible
117:41.76,117:41.80,0.04,-83.2,-71.1,0.00,,this is actually,0.0,0.99,remove,too quiet to transcribe; -71 dB under speech; far from own speech; inaudible
117:48.12,117:50.73,2.61,-9.1,3.0,0.05,um i think that when it comes to,like that's basically what you really think,0.25,0.0,keep,real speech: um i think that when it comes to; adjacent to own speech
118:08.37,118:08.55,0.18,-80.2,-68.1,0.11,,,0.0,1.0,remove,ncc 0.11; too quiet to transcribe; -68 dB under speech; far from own speech; inaudible
118:08.69,118:08.72,0.03,-79.3,-67.2,0.00,,okay,0.0,0.99,remove,too quiet to transcribe; -67 dB under speech; far from own speech; inaudible
118:09.63,118:09.81,0.18,-64.1,-51.9,0.08,,it got it,0.0,0.99,remove,too quiet to transcribe; -52 dB under speech; far from own speech; inaudible
118:10.03,118:10.11,0.08,-76.0,-63.9,0.00,,um,0.0,0.99,remove,too quiet to transcribe; -64 dB under speech; far from own speech; inaudible
118:10.81,118:11.41,0.60,-63.7,-51.6,0.05,,and do you support,0.0,0.97,remove,too quiet to transcribe; -52 dB under speech; far from own speech; inaudible
118:12.99,118:13.01,0.02,-84.1,-72.0,0.00,,ai movement,0.0,0.99,remove,too quiet to transcribe; -72 dB under speech; far from own speech; inaudible
118:50.01,118:50.20,0.19,-39.9,-27.8,0.17,,all right sounds,0.0,1.0,remove,waveform=Liron ncc 0.17; too quiet to transcribe; -28 dB under speech; far from own speech
118:50.96,118:51.35,0.39,-40.2,-28.1,0.12,,good we'll we'll leave it at,0.0,1.0,remove,ncc 0.12; too quiet to transcribe; -28 dB under speech; far from own speech; inaudible
118:51.80,118:51.90,0.10,-68.7,-56.5,0.06,,it at that uh,0.0,0.99,remove,too quiet to transcribe; -57 dB under speech; far from own speech; inaudible
118:52.15,118:52.21,0.06,-64.7,-52.6,0.00,,uh,0.0,0.99,remove,too quiet to transcribe; -53 dB under speech; far from own speech; inaudible
118:53.38,118:53.52,0.14,-52.5,-40.3,0.07,,you guys heard it here,0.0,0.99,remove,too quiet to transcribe; -40 dB under speech; far from own speech; inaudible
118:53.73,118:53.96,0.23,-49.8,-37.7,0.03,,heard it here richard,0.0,0.99,remove,too quiet to transcribe; -38 dB under speech; far from own speech; inaudible
118:54.36,118:54.58,0.22,-39.8,-27.7,0.03,,richard has,0.0,0.99,remove,too quiet to transcribe; -28 dB under speech; far from own speech
118:55.00,118:55.01,0.01,-63.1,-50.9,0.00,,has,0.0,0.99,remove,too quiet to transcribe; -51 dB under speech; far from own speech; inaudible
118:55.67,118:55.81,0.14,-46.9,-34.7,0.11,,a good insight into,0.0,1.0,remove,ncc 0.11; too quiet to transcribe; -35 dB under speech; far from own speech; inaudible
119:02.77,119:02.95,0.18,-28.2,-16.1,0.08,okay,pretty high you know yet,0.0,0.18,keep,-16 dB under speech; far from own speech; backchannel: okay
119:03.83,119:03.93,0.10,-51.6,-39.4,0.05,,highly,0.0,0.99,remove,too quiet to transcribe; -39 dB under speech; far from own speech; inaudible
119:04.15,119:04.31,0.16,-55.8,-43.7,0.05,,highly intelligent,0.0,0.99,remove,too quiet to transcribe; -44 dB under speech; far from own speech; inaudible
119:04.89,119:04.97,0.08,-49.1,-37.0,0.00,,intelligent person,0.0,0.99,remove,too quiet to transcribe; -37 dB under speech; far from own speech; inaudible
119:05.33,119:05.37,0.04,-58.2,-46.1,0.00,,person is telling,0.0,0.99,remove,too quiet to transcribe; -46 dB under speech; far from own speech; inaudible
119:05.76,119:06.17,0.41,-41.4,-29.3,0.12,,is telling you guys this here,0.0,0.99,remove,ncc 0.12; too quiet to transcribe; -29 dB under speech; far from own speech; inaudible
119:08.08,119:09.12,1.04,-8.0,4.1,0.05,um thank you for having me,richard ren thanks so much for coming on,0.33,0.38,review,partly echoes Liron (33%); far from own speech
119:20.13,119:22.64,2.51,-7.0,5.1,0.05,awesome yeah that sounds good yeah i'll be back in like,up soon huh you got you're gonna come back,0.09,0.0,keep,real speech: awesome yeah that sounds good yeah i'll be back in like; adjacent to own speech
119:26.45,119:26.46,0.01,-80.9,-68.8,0.00,,yeah,0.0,0.97,remove,too quiet to transcribe; -69 dB under speech; inaudible
119:26.63,119:26.94,0.31,-9.7,2.5,0.12,okay,yeah yeah yeah,0.0,0.05,keep,ncc 0.12; backchannel: okay
119:27.68,119:28.89,1.21,-8.8,3.3,0.08,no no it's all good yeah,sorry kev too i've had overtime here hopefully you have,0.0,0.0,keep,real speech: no no it's all good yeah
119:29.18,119:29.70,0.52,-45.8,-33.7,0.03,,hopefully you have time to catch a break,0.0,0.97,remove,too quiet to transcribe; -34 dB under speech; adjacent to own speech; inaudible
119:36.14,119:37.12,0.98,-9.5,2.6,0.03,we sell in patna,yeah yeah,0.0,0.0,keep,real speech: we sell in patna; adjacent to own speech
119:37.63,119:38.15,0.52,-10.9,1.2,0.07,okay,yeah you got uh  minutes,0.0,0.0,keep,backchannel: okay
119:38.53,119:39.24,0.71,-9.7,2.4,0.07,but uh yeah, minutes,0.0,0.0,keep,real speech: but uh yeah
119:42.56,119:42.74,0.18,-51.1,-39.0,0.25,,all right great,0.0,1.0,remove,waveform=Liron ncc 0.25; too quiet to transcribe; -39 dB under speech; far from own speech; inaudible
119:42.85,119:42.90,0.05,-52.8,-40.6,0.00,,all right great meeting,0.0,0.99,remove,too quiet to transcribe; -41 dB under speech; far from own speech; inaudible
119:43.15,119:43.17,0.02,-62.3,-50.2,0.00,,great meeting you man,0.0,0.99,remove,too quiet to transcribe; -50 dB under speech; far from own speech; inaudible
119:45.47,119:45.90,0.43,-9.4,2.8,0.06,yeah,let's stop it you can,0.0,0.01,keep,far from own speech; backchannel: yeah
119:46.04,119:46.36,0.32,-10.2,1.9,0.12,yeah,it you can hit stop,0.0,0.05,keep,ncc 0.12; backchannel: yeah
